timestamp,project_id,project_name,delta_votes,delta_views,state,is_winner
2026-06-18T10:10,T7jGDR8K4B,Vecslocenes pastaigu taka,0,0,in_voting,True
2026-06-18T10:10,teL62cUjB5,Piemiņas vieta Kārlim Bardelim,0,0,in_voting,False
2026-06-18T10:10,c29ThVpT8M,Gājēju un velo celiņš Vaivaru stacija - Krastciems,0,0,in_voting,False
2026-06-18T10:10,R59abyepfW,Majoru un Dzintaru bezmaksas padel tenisa korti,0,0,in_voting,False
2026-06-18T10:10,XBU7NpRWV5,Jūrmalnieku tikšanās un piekrastes mantojuma telpa,0,0,in_voting,False
2026-06-18T10:10,Z92tNs82ac,"Jūrmalā, Slokā - Ietve un velostatīvi pie dzelzceļa stacijas - iestaigāto taku vietā 2",0,0,in_voting,False
2026-06-18T10:10,bfhNXUR3VB,Vaivaru mežā,0,0,in_voting,False
2026-06-18T10:10,ZehtNs82ac,Majoru un Dzintaru bezmaksas suņu pastaigu laukums,0,0,in_voting,False
2026-06-18T10:10,a5hDLTe7p4,Informācijas stendi apkaimēs,0,0,in_voting,False
2026-06-18T10:10,ahqDLTe7p4,Mīlestības bāka Jūrmalā,0,0,in_voting,False
2026-06-18T10:10,M2p32qRtb9,"Jūrmalā, Slokā - nomales asfaltēšana krustojumā, pagrieziens uz karjeru no ventspils šosejas",0,0,in_voting,False
2026-06-18T10:10,MGe32qRtb9,"Jūrmalā Kauguros bērnu rotaļu laukuma paplašināšana un pilnveide, apgaismojuma ierīkošana citam rotaļu laukumam Raiņa 81",0,0,in_voting,False
2026-06-18T10:10,KhrpUybRet,Āra trenažieri Buļļuciemā – veseli un aktīvi jūrmalnieki,0,0,in_voting,False
2026-06-18T10:20,T7jGDR8K4B,Vecslocenes pastaigu taka,0,0,in_voting,True
2026-06-18T10:20,teL62cUjB5,Piemiņas vieta Kārlim Bardelim,0,4,in_voting,False
2026-06-18T10:20,c29ThVpT8M,Gājēju un velo celiņš Vaivaru stacija - Krastciems,0,3,in_voting,False
2026-06-18T10:20,R59abyepfW,Majoru un Dzintaru bezmaksas padel tenisa korti,0,0,in_voting,False
2026-06-18T10:20,XBU7NpRWV5,Jūrmalnieku tikšanās un piekrastes mantojuma telpa,0,0,in_voting,False
2026-06-18T10:20,Z92tNs82ac,"Jūrmalā, Slokā - Ietve un velostatīvi pie dzelzceļa stacijas - iestaigāto taku vietā 2",0,0,in_voting,False
2026-06-18T10:20,bfhNXUR3VB,Vaivaru mežā,0,0,in_voting,False
2026-06-18T10:20,ZehtNs82ac,Majoru un Dzintaru bezmaksas suņu pastaigu laukums,0,0,in_voting,False
2026-06-18T10:20,a5hDLTe7p4,Informācijas stendi apkaimēs,0,0,in_voting,False
2026-06-18T10:20,ahqDLTe7p4,Mīlestības bāka Jūrmalā,0,0,in_voting,False
2026-06-18T10:20,M2p32qRtb9,"Jūrmalā, Slokā - nomales asfaltēšana krustojumā, pagrieziens uz karjeru no ventspils šosejas",0,0,in_voting,False
2026-06-18T10:20,MGe32qRtb9,"Jūrmalā Kauguros bērnu rotaļu laukuma paplašināšana un pilnveide, apgaismojuma ierīkošana citam rotaļu laukumam Raiņa 81",0,0,in_voting,False
2026-06-18T10:20,KhrpUybRet,Āra trenažieri Buļļuciemā – veseli un aktīvi jūrmalnieki,0,0,in_voting,False
2026-06-18T10:30,T7jGDR8K4B,Vecslocenes pastaigu taka,0,4,in_voting,True
2026-06-18T10:30,teL62cUjB5,Piemiņas vieta Kārlim Bardelim,0,4,in_voting,False
2026-06-18T10:30,c29ThVpT8M,Gājēju un velo celiņš Vaivaru stacija - Krastciems,0,3,in_voting,False
2026-06-18T10:30,R59abyepfW,Majoru un Dzintaru bezmaksas padel tenisa korti,0,0,in_voting,False
2026-06-18T10:30,XBU7NpRWV5,Jūrmalnieku tikšanās un piekrastes mantojuma telpa,0,0,in_voting,False
2026-06-18T10:30,Z92tNs82ac,"Jūrmalā, Slokā - Ietve un velostatīvi pie dzelzceļa stacijas - iestaigāto taku vietā 2",0,0,in_voting,False
2026-06-18T10:30,bfhNXUR3VB,Vaivaru mežā,0,0,in_voting,False
2026-06-18T10:30,ZehtNs82ac,Majoru un Dzintaru bezmaksas suņu pastaigu laukums,0,1,in_voting,False
2026-06-18T10:30,a5hDLTe7p4,Informācijas stendi apkaimēs,0,0,in_voting,False
2026-06-18T10:30,ahqDLTe7p4,Mīlestības bāka Jūrmalā,0,0,in_voting,False
2026-06-18T10:30,M2p32qRtb9,"Jūrmalā, Slokā - nomales asfaltēšana krustojumā, pagrieziens uz karjeru no ventspils šosejas",0,0,in_voting,False
2026-06-18T10:30,MGe32qRtb9,"Jūrmalā Kauguros bērnu rotaļu laukuma paplašināšana un pilnveide, apgaismojuma ierīkošana citam rotaļu laukumam Raiņa 81",0,0,in_voting,False
2026-06-18T10:30,KhrpUybRet,Āra trenažieri Buļļuciemā – veseli un aktīvi jūrmalnieki,0,0,in_voting,False
2026-06-18T10:40,T7jGDR8K4B,Vecslocenes pastaigu taka,0,5,in_voting,True
2026-06-18T10:40,teL62cUjB5,Piemiņas vieta Kārlim Bardelim,0,4,in_voting,False
2026-06-18T10:40,c29ThVpT8M,Gājēju un velo celiņš Vaivaru stacija - Krastciems,0,3,in_voting,False
2026-06-18T10:40,R59abyepfW,Majoru un Dzintaru bezmaksas padel tenisa korti,0,0,in_voting,False
2026-06-18T10:40,XBU7NpRWV5,Jūrmalnieku tikšanās un piekrastes mantojuma telpa,0,0,in_voting,False
2026-06-18T10:40,Z92tNs82ac,"Jūrmalā, Slokā - Ietve un velostatīvi pie dzelzceļa stacijas - iestaigāto taku vietā 2",0,0,in_voting,False
2026-06-18T10:40,bfhNXUR3VB,Vaivaru mežā,0,0,in_voting,False
2026-06-18T10:40,ZehtNs82ac,Majoru un Dzintaru bezmaksas suņu pastaigu laukums,0,1,in_voting,False
2026-06-18T10:40,a5hDLTe7p4,Informācijas stendi apkaimēs,0,0,in_voting,False
2026-06-18T10:40,ahqDLTe7p4,Mīlestības bāka Jūrmalā,0,0,in_voting,False
2026-06-18T10:40,M2p32qRtb9,"Jūrmalā, Slokā - nomales asfaltēšana krustojumā, pagrieziens uz karjeru no ventspils šosejas",0,0,in_voting,False
2026-06-18T10:40,MGe32qRtb9,"Jūrmalā Kauguros bērnu rotaļu laukuma paplašināšana un pilnveide, apgaismojuma ierīkošana citam rotaļu laukumam Raiņa 81",0,0,in_voting,False
2026-06-18T10:40,KhrpUybRet,Āra trenažieri Buļļuciemā – veseli un aktīvi jūrmalnieki,0,0,in_voting,False
2026-06-18T10:50,T7jGDR8K4B,Vecslocenes pastaigu taka,0,5,in_voting,True
2026-06-18T10:50,teL62cUjB5,Piemiņas vieta Kārlim Bardelim,0,7,in_voting,False
2026-06-18T10:50,c29ThVpT8M,Gājēju un velo celiņš Vaivaru stacija - Krastciems,0,3,in_voting,False
2026-06-18T10:50,R59abyepfW,Majoru un Dzintaru bezmaksas padel tenisa korti,0,0,in_voting,False
2026-06-18T10:50,XBU7NpRWV5,Jūrmalnieku tikšanās un piekrastes mantojuma telpa,0,0,in_voting,False
2026-06-18T10:50,Z92tNs82ac,"Jūrmalā, Slokā - Ietve un velostatīvi pie dzelzceļa stacijas - iestaigāto taku vietā 2",0,5,in_voting,False
2026-06-18T10:50,bfhNXUR3VB,Vaivaru mežā,0,0,in_voting,False
2026-06-18T10:50,ZehtNs82ac,Majoru un Dzintaru bezmaksas suņu pastaigu laukums,0,1,in_voting,False
2026-06-18T10:50,a5hDLTe7p4,Informācijas stendi apkaimēs,0,0,in_voting,False
2026-06-18T10:50,ahqDLTe7p4,Mīlestības bāka Jūrmalā,0,0,in_voting,False
2026-06-18T10:50,M2p32qRtb9,"Jūrmalā, Slokā - nomales asfaltēšana krustojumā, pagrieziens uz karjeru no ventspils šosejas",0,0,in_voting,False
2026-06-18T10:50,MGe32qRtb9,"Jūrmalā Kauguros bērnu rotaļu laukuma paplašināšana un pilnveide, apgaismojuma ierīkošana citam rotaļu laukumam Raiņa 81",0,0,in_voting,False
2026-06-18T10:50,KhrpUybRet,Āra trenažieri Buļļuciemā – veseli un aktīvi jūrmalnieki,0,0,in_voting,False
2026-06-18T11:00,T7jGDR8K4B,Vecslocenes pastaigu taka,0,5,in_voting,True
2026-06-18T11:00,teL62cUjB5,Piemiņas vieta Kārlim Bardelim,0,7,in_voting,False
2026-06-18T11:00,c29ThVpT8M,Gājēju un velo celiņš Vaivaru stacija - Krastciems,0,3,in_voting,False
2026-06-18T11:00,R59abyepfW,Majoru un Dzintaru bezmaksas padel tenisa korti,0,0,in_voting,False
2026-06-18T11:00,XBU7NpRWV5,Jūrmalnieku tikšanās un piekrastes mantojuma telpa,0,0,in_voting,False
2026-06-18T11:00,Z92tNs82ac,"Jūrmalā, Slokā - Ietve un velostatīvi pie dzelzceļa stacijas - iestaigāto taku vietā 2",0,5,in_voting,False
2026-06-18T11:00,bfhNXUR3VB,Vaivaru mežā,0,0,in_voting,False
2026-06-18T11:00,ZehtNs82ac,Majoru un Dzintaru bezmaksas suņu pastaigu laukums,0,1,in_voting,False
2026-06-18T11:00,a5hDLTe7p4,Informācijas stendi apkaimēs,0,0,in_voting,False
2026-06-18T11:00,ahqDLTe7p4,Mīlestības bāka Jūrmalā,0,0,in_voting,False
2026-06-18T11:00,M2p32qRtb9,"Jūrmalā, Slokā - nomales asfaltēšana krustojumā, pagrieziens uz karjeru no ventspils šosejas",0,0,in_voting,False
2026-06-18T11:00,MGe32qRtb9,"Jūrmalā Kauguros bērnu rotaļu laukuma paplašināšana un pilnveide, apgaismojuma ierīkošana citam rotaļu laukumam Raiņa 81",0,0,in_voting,False
2026-06-18T11:00,KhrpUybRet,Āra trenažieri Buļļuciemā – veseli un aktīvi jūrmalnieki,0,1,in_voting,False
2026-06-18T11:10,T7jGDR8K4B,Vecslocenes pastaigu taka,0,5,in_voting,True
2026-06-18T11:10,teL62cUjB5,Piemiņas vieta Kārlim Bardelim,0,7,in_voting,False
2026-06-18T11:10,c29ThVpT8M,Gājēju un velo celiņš Vaivaru stacija - Krastciems,1,11,in_voting,False
2026-06-18T11:10,R59abyepfW,Majoru un Dzintaru bezmaksas padel tenisa korti,0,0,in_voting,False
2026-06-18T11:10,XBU7NpRWV5,Jūrmalnieku tikšanās un piekrastes mantojuma telpa,0,0,in_voting,False
2026-06-18T11:10,Z92tNs82ac,"Jūrmalā, Slokā - Ietve un velostatīvi pie dzelzceļa stacijas - iestaigāto taku vietā 2",0,5,in_voting,False
2026-06-18T11:10,bfhNXUR3VB,Vaivaru mežā,1,0,in_voting,False
2026-06-18T11:10,ZehtNs82ac,Majoru un Dzintaru bezmaksas suņu pastaigu laukums,1,1,in_voting,False
2026-06-18T11:10,a5hDLTe7p4,Informācijas stendi apkaimēs,1,4,in_voting,False
2026-06-18T11:10,ahqDLTe7p4,Mīlestības bāka Jūrmalā,0,0,in_voting,False
2026-06-18T11:10,M2p32qRtb9,"Jūrmalā, Slokā - nomales asfaltēšana krustojumā, pagrieziens uz karjeru no ventspils šosejas",0,0,in_voting,False
2026-06-18T11:10,MGe32qRtb9,"Jūrmalā Kauguros bērnu rotaļu laukuma paplašināšana un pilnveide, apgaismojuma ierīkošana citam rotaļu laukumam Raiņa 81",0,0,in_voting,False
2026-06-18T11:10,KhrpUybRet,Āra trenažieri Buļļuciemā – veseli un aktīvi jūrmalnieki,0,1,in_voting,False
2026-06-18T11:20,T7jGDR8K4B,Vecslocenes pastaigu taka,0,5,in_voting,True
2026-06-18T11:20,teL62cUjB5,Piemiņas vieta Kārlim Bardelim,0,8,in_voting,False
2026-06-18T11:20,c29ThVpT8M,Gājēju un velo celiņš Vaivaru stacija - Krastciems,1,15,in_voting,False
2026-06-18T11:20,R59abyepfW,Majoru un Dzintaru bezmaksas padel tenisa korti,0,0,in_voting,False
2026-06-18T11:20,XBU7NpRWV5,Jūrmalnieku tikšanās un piekrastes mantojuma telpa,0,0,in_voting,False
2026-06-18T11:20,a5hDLTe7p4,Informācijas stendi apkaimēs,8,35,in_voting,False
2026-06-18T11:20,Z92tNs82ac,"Jūrmalā, Slokā - Ietve un velostatīvi pie dzelzceļa stacijas - iestaigāto taku vietā 2",0,8,in_voting,False
2026-06-18T11:20,bfhNXUR3VB,Vaivaru mežā,1,1,in_voting,False
2026-06-18T11:20,ZehtNs82ac,Majoru un Dzintaru bezmaksas suņu pastaigu laukums,1,3,in_voting,False
2026-06-18T11:20,ahqDLTe7p4,Mīlestības bāka Jūrmalā,0,0,in_voting,False
2026-06-18T11:20,M2p32qRtb9,"Jūrmalā, Slokā - nomales asfaltēšana krustojumā, pagrieziens uz karjeru no ventspils šosejas",0,0,in_voting,False
2026-06-18T11:20,MGe32qRtb9,"Jūrmalā Kauguros bērnu rotaļu laukuma paplašināšana un pilnveide, apgaismojuma ierīkošana citam rotaļu laukumam Raiņa 81",0,0,in_voting,False
2026-06-18T11:20,KhrpUybRet,Āra trenažieri Buļļuciemā – veseli un aktīvi jūrmalnieki,0,3,in_voting,False
2026-06-18T11:30,T7jGDR8K4B,Vecslocenes pastaigu taka,0,5,in_voting,True
2026-06-18T11:30,teL62cUjB5,Piemiņas vieta Kārlim Bardelim,0,8,in_voting,False
2026-06-18T11:30,c29ThVpT8M,Gājēju un velo celiņš Vaivaru stacija - Krastciems,1,16,in_voting,False
2026-06-18T11:30,R59abyepfW,Majoru un Dzintaru bezmaksas padel tenisa korti,0,0,in_voting,False
2026-06-18T11:30,XBU7NpRWV5,Jūrmalnieku tikšanās un piekrastes mantojuma telpa,0,0,in_voting,False
2026-06-18T11:30,a5hDLTe7p4,Informācijas stendi apkaimēs,11,45,in_voting,False
2026-06-18T11:30,Z92tNs82ac,"Jūrmalā, Slokā - Ietve un velostatīvi pie dzelzceļa stacijas - iestaigāto taku vietā 2",0,8,in_voting,False
2026-06-18T11:30,bfhNXUR3VB,Vaivaru mežā,1,1,in_voting,False
2026-06-18T11:30,ZehtNs82ac,Majoru un Dzintaru bezmaksas suņu pastaigu laukums,1,3,in_voting,False
2026-06-18T11:30,ahqDLTe7p4,Mīlestības bāka Jūrmalā,0,1,in_voting,False
2026-06-18T11:30,M2p32qRtb9,"Jūrmalā, Slokā - nomales asfaltēšana krustojumā, pagrieziens uz karjeru no ventspils šosejas",0,1,in_voting,False
2026-06-18T11:30,MGe32qRtb9,"Jūrmalā Kauguros bērnu rotaļu laukuma paplašināšana un pilnveide, apgaismojuma ierīkošana citam rotaļu laukumam Raiņa 81",0,0,in_voting,False
2026-06-18T11:30,KhrpUybRet,Āra trenažieri Buļļuciemā – veseli un aktīvi jūrmalnieki,1,4,in_voting,False
2026-06-18T11:40,T7jGDR8K4B,Vecslocenes pastaigu taka,0,5,in_voting,True
2026-06-18T11:40,teL62cUjB5,Piemiņas vieta Kārlim Bardelim,0,12,in_voting,False
2026-06-18T11:40,c29ThVpT8M,Gājēju un velo celiņš Vaivaru stacija - Krastciems,1,16,in_voting,False
2026-06-18T11:40,R59abyepfW,Majoru un Dzintaru bezmaksas padel tenisa korti,0,1,in_voting,False
2026-06-18T11:40,XBU7NpRWV5,Jūrmalnieku tikšanās un piekrastes mantojuma telpa,0,0,in_voting,False
2026-06-18T11:40,a5hDLTe7p4,Informācijas stendi apkaimēs,12,52,in_voting,False
2026-06-18T11:40,Z92tNs82ac,"Jūrmalā, Slokā - Ietve un velostatīvi pie dzelzceļa stacijas - iestaigāto taku vietā 2",1,10,in_voting,False
2026-06-18T11:40,bfhNXUR3VB,Vaivaru mežā,1,1,in_voting,False
2026-06-18T11:40,ZehtNs82ac,Majoru un Dzintaru bezmaksas suņu pastaigu laukums,1,3,in_voting,False
2026-06-18T11:40,ahqDLTe7p4,Mīlestības bāka Jūrmalā,0,1,in_voting,False
2026-06-18T11:40,M2p32qRtb9,"Jūrmalā, Slokā - nomales asfaltēšana krustojumā, pagrieziens uz karjeru no ventspils šosejas",0,1,in_voting,False
2026-06-18T11:40,MGe32qRtb9,"Jūrmalā Kauguros bērnu rotaļu laukuma paplašināšana un pilnveide, apgaismojuma ierīkošana citam rotaļu laukumam Raiņa 81",0,0,in_voting,False
2026-06-18T11:40,KhrpUybRet,Āra trenažieri Buļļuciemā – veseli un aktīvi jūrmalnieki,1,5,in_voting,False
2026-06-18T11:50,T7jGDR8K4B,Vecslocenes pastaigu taka,0,5,in_voting,True
2026-06-18T11:50,teL62cUjB5,Piemiņas vieta Kārlim Bardelim,0,12,in_voting,False
2026-06-18T11:50,c29ThVpT8M,Gājēju un velo celiņš Vaivaru stacija - Krastciems,1,16,in_voting,False
2026-06-18T11:50,R59abyepfW,Majoru un Dzintaru bezmaksas padel tenisa korti,0,1,in_voting,False
2026-06-18T11:50,XBU7NpRWV5,Jūrmalnieku tikšanās un piekrastes mantojuma telpa,0,0,in_voting,False
2026-06-18T11:50,a5hDLTe7p4,Informācijas stendi apkaimēs,12,55,in_voting,False
2026-06-18T11:50,Z92tNs82ac,"Jūrmalā, Slokā - Ietve un velostatīvi pie dzelzceļa stacijas - iestaigāto taku vietā 2",1,10,in_voting,False
2026-06-18T11:50,bfhNXUR3VB,Vaivaru mežā,1,1,in_voting,False
2026-06-18T11:50,ZehtNs82ac,Majoru un Dzintaru bezmaksas suņu pastaigu laukums,1,3,in_voting,False
2026-06-18T11:50,ahqDLTe7p4,Mīlestības bāka Jūrmalā,0,1,in_voting,False
2026-06-18T11:50,M2p32qRtb9,"Jūrmalā, Slokā - nomales asfaltēšana krustojumā, pagrieziens uz karjeru no ventspils šosejas",0,1,in_voting,False
2026-06-18T11:50,MGe32qRtb9,"Jūrmalā Kauguros bērnu rotaļu laukuma paplašināšana un pilnveide, apgaismojuma ierīkošana citam rotaļu laukumam Raiņa 81",0,0,in_voting,False
2026-06-18T11:50,KhrpUybRet,Āra trenažieri Buļļuciemā – veseli un aktīvi jūrmalnieki,1,5,in_voting,False
2026-06-18T12:00,T7jGDR8K4B,Vecslocenes pastaigu taka,0,5,in_voting,True
2026-06-18T12:00,teL62cUjB5,Piemiņas vieta Kārlim Bardelim,0,12,in_voting,False
2026-06-18T12:00,c29ThVpT8M,Gājēju un velo celiņš Vaivaru stacija - Krastciems,2,20,in_voting,False
2026-06-18T12:00,R59abyepfW,Majoru un Dzintaru bezmaksas padel tenisa korti,0,1,in_voting,False
2026-06-18T12:00,XBU7NpRWV5,Jūrmalnieku tikšanās un piekrastes mantojuma telpa,0,0,in_voting,False
2026-06-18T12:00,a5hDLTe7p4,Informācijas stendi apkaimēs,12,55,in_voting,False
2026-06-18T12:00,Z92tNs82ac,"Jūrmalā, Slokā - Ietve un velostatīvi pie dzelzceļa stacijas - iestaigāto taku vietā 2",1,12,in_voting,False
2026-06-18T12:00,bfhNXUR3VB,Vaivaru mežā,1,2,in_voting,False
2026-06-18T12:00,ZehtNs82ac,Majoru un Dzintaru bezmaksas suņu pastaigu laukums,1,3,in_voting,False
2026-06-18T12:00,ahqDLTe7p4,Mīlestības bāka Jūrmalā,0,3,in_voting,False
2026-06-18T12:00,M2p32qRtb9,"Jūrmalā, Slokā - nomales asfaltēšana krustojumā, pagrieziens uz karjeru no ventspils šosejas",0,1,in_voting,False
2026-06-18T12:00,MGe32qRtb9,"Jūrmalā Kauguros bērnu rotaļu laukuma paplašināšana un pilnveide, apgaismojuma ierīkošana citam rotaļu laukumam Raiņa 81",0,0,in_voting,False
2026-06-18T12:00,KhrpUybRet,Āra trenažieri Buļļuciemā – veseli un aktīvi jūrmalnieki,1,5,in_voting,False
2026-06-18T12:11,T7jGDR8K4B,Vecslocenes pastaigu taka,1,9,in_voting,True
2026-06-18T12:11,teL62cUjB5,Piemiņas vieta Kārlim Bardelim,1,17,in_voting,False
2026-06-18T12:11,c29ThVpT8M,Gājēju un velo celiņš Vaivaru stacija - Krastciems,2,27,in_voting,False
2026-06-18T12:11,R59abyepfW,Majoru un Dzintaru bezmaksas padel tenisa korti,1,8,in_voting,False
2026-06-18T12:11,XBU7NpRWV5,Jūrmalnieku tikšanās un piekrastes mantojuma telpa,1,3,in_voting,False
2026-06-18T12:11,a5hDLTe7p4,Informācijas stendi apkaimēs,12,63,in_voting,False
2026-06-18T12:11,Z92tNs82ac,"Jūrmalā, Slokā - Ietve un velostatīvi pie dzelzceļa stacijas - iestaigāto taku vietā 2",1,15,in_voting,False
2026-06-18T12:11,bfhNXUR3VB,Vaivaru mežā,1,5,in_voting,False
2026-06-18T12:11,ZehtNs82ac,Majoru un Dzintaru bezmaksas suņu pastaigu laukums,1,6,in_voting,False
2026-06-18T12:11,ahqDLTe7p4,Mīlestības bāka Jūrmalā,1,19,in_voting,False
2026-06-18T12:11,M2p32qRtb9,"Jūrmalā, Slokā - nomales asfaltēšana krustojumā, pagrieziens uz karjeru no ventspils šosejas",0,4,in_voting,False
2026-06-18T12:11,MGe32qRtb9,"Jūrmalā Kauguros bērnu rotaļu laukuma paplašināšana un pilnveide, apgaismojuma ierīkošana citam rotaļu laukumam Raiņa 81",0,2,in_voting,False
2026-06-18T12:11,KhrpUybRet,Āra trenažieri Buļļuciemā – veseli un aktīvi jūrmalnieki,1,8,in_voting,False
2026-06-18T12:21,T7jGDR8K4B,Vecslocenes pastaigu taka,2,10,in_voting,True
2026-06-18T12:21,teL62cUjB5,Piemiņas vieta Kārlim Bardelim,2,18,in_voting,False
2026-06-18T12:21,c29ThVpT8M,Gājēju un velo celiņš Vaivaru stacija - Krastciems,2,28,in_voting,False
2026-06-18T12:21,R59abyepfW,Majoru un Dzintaru bezmaksas padel tenisa korti,2,9,in_voting,False
2026-06-18T12:21,XBU7NpRWV5,Jūrmalnieku tikšanās un piekrastes mantojuma telpa,1,3,in_voting,False
2026-06-18T12:21,a5hDLTe7p4,Informācijas stendi apkaimēs,12,63,in_voting,False
2026-06-18T12:21,Z92tNs82ac,"Jūrmalā, Slokā - Ietve un velostatīvi pie dzelzceļa stacijas - iestaigāto taku vietā 2",1,15,in_voting,False
2026-06-18T12:21,bfhNXUR3VB,Vaivaru mežā,1,5,in_voting,False
2026-06-18T12:21,ZehtNs82ac,Majoru un Dzintaru bezmaksas suņu pastaigu laukums,1,7,in_voting,False
2026-06-18T12:21,ahqDLTe7p4,Mīlestības bāka Jūrmalā,1,25,in_voting,False
2026-06-18T12:21,M2p32qRtb9,"Jūrmalā, Slokā - nomales asfaltēšana krustojumā, pagrieziens uz karjeru no ventspils šosejas",0,4,in_voting,False
2026-06-18T12:21,MGe32qRtb9,"Jūrmalā Kauguros bērnu rotaļu laukuma paplašināšana un pilnveide, apgaismojuma ierīkošana citam rotaļu laukumam Raiņa 81",0,2,in_voting,False
2026-06-18T12:21,KhrpUybRet,Āra trenažieri Buļļuciemā – veseli un aktīvi jūrmalnieki,1,8,in_voting,False
2026-06-18T12:31,T7jGDR8K4B,Vecslocenes pastaigu taka,2,10,in_voting,True
2026-06-18T12:31,teL62cUjB5,Piemiņas vieta Kārlim Bardelim,2,19,in_voting,False
2026-06-18T12:31,c29ThVpT8M,Gājēju un velo celiņš Vaivaru stacija - Krastciems,2,29,in_voting,False
2026-06-18T12:31,R59abyepfW,Majoru un Dzintaru bezmaksas padel tenisa korti,2,9,in_voting,False
2026-06-18T12:31,XBU7NpRWV5,Jūrmalnieku tikšanās un piekrastes mantojuma telpa,1,3,in_voting,False
2026-06-18T12:31,a5hDLTe7p4,Informācijas stendi apkaimēs,13,72,in_voting,False
2026-06-18T12:31,Z92tNs82ac,"Jūrmalā, Slokā - Ietve un velostatīvi pie dzelzceļa stacijas - iestaigāto taku vietā 2",1,17,in_voting,False
2026-06-18T12:31,bfhNXUR3VB,Vaivaru mežā,1,5,in_voting,False
2026-06-18T12:31,ZehtNs82ac,Majoru un Dzintaru bezmaksas suņu pastaigu laukums,1,7,in_voting,False
2026-06-18T12:31,ahqDLTe7p4,Mīlestības bāka Jūrmalā,1,27,in_voting,False
2026-06-18T12:31,M2p32qRtb9,"Jūrmalā, Slokā - nomales asfaltēšana krustojumā, pagrieziens uz karjeru no ventspils šosejas",0,4,in_voting,False
2026-06-18T12:31,MGe32qRtb9,"Jūrmalā Kauguros bērnu rotaļu laukuma paplašināšana un pilnveide, apgaismojuma ierīkošana citam rotaļu laukumam Raiņa 81",0,2,in_voting,False
2026-06-18T12:31,KhrpUybRet,Āra trenažieri Buļļuciemā – veseli un aktīvi jūrmalnieki,1,8,in_voting,False
2026-06-18T12:41,T7jGDR8K4B,Vecslocenes pastaigu taka,2,12,in_voting,True
2026-06-18T12:41,teL62cUjB5,Piemiņas vieta Kārlim Bardelim,2,23,in_voting,False
2026-06-18T12:41,c29ThVpT8M,Gājēju un velo celiņš Vaivaru stacija - Krastciems,2,29,in_voting,False
2026-06-18T12:41,R59abyepfW,Majoru un Dzintaru bezmaksas padel tenisa korti,2,9,in_voting,False
2026-06-18T12:41,XBU7NpRWV5,Jūrmalnieku tikšanās un piekrastes mantojuma telpa,1,4,in_voting,False
2026-06-18T12:41,a5hDLTe7p4,Informācijas stendi apkaimēs,15,94,in_voting,False
2026-06-18T12:41,Z92tNs82ac,"Jūrmalā, Slokā - Ietve un velostatīvi pie dzelzceļa stacijas - iestaigāto taku vietā 2",2,22,in_voting,False
2026-06-18T12:41,bfhNXUR3VB,Vaivaru mežā,1,5,in_voting,False
2026-06-18T12:41,ZehtNs82ac,Majoru un Dzintaru bezmaksas suņu pastaigu laukums,1,8,in_voting,False
2026-06-18T12:41,ahqDLTe7p4,Mīlestības bāka Jūrmalā,1,31,in_voting,False
2026-06-18T12:41,M2p32qRtb9,"Jūrmalā, Slokā - nomales asfaltēšana krustojumā, pagrieziens uz karjeru no ventspils šosejas",0,4,in_voting,False
2026-06-18T12:41,MGe32qRtb9,"Jūrmalā Kauguros bērnu rotaļu laukuma paplašināšana un pilnveide, apgaismojuma ierīkošana citam rotaļu laukumam Raiņa 81",0,2,in_voting,False
2026-06-18T12:41,KhrpUybRet,Āra trenažieri Buļļuciemā – veseli un aktīvi jūrmalnieki,1,8,in_voting,False
2026-06-18T12:51,T7jGDR8K4B,Vecslocenes pastaigu taka,2,13,in_voting,True
2026-06-18T12:51,teL62cUjB5,Piemiņas vieta Kārlim Bardelim,2,23,in_voting,False
2026-06-18T12:51,c29ThVpT8M,Gājēju un velo celiņš Vaivaru stacija - Krastciems,2,29,in_voting,False
2026-06-18T12:51,R59abyepfW,Majoru un Dzintaru bezmaksas padel tenisa korti,2,10,in_voting,False
2026-06-18T12:51,XBU7NpRWV5,Jūrmalnieku tikšanās un piekrastes mantojuma telpa,1,4,in_voting,False
2026-06-18T12:51,a5hDLTe7p4,Informācijas stendi apkaimēs,16,99,in_voting,False
2026-06-18T12:51,Z92tNs82ac,"Jūrmalā, Slokā - Ietve un velostatīvi pie dzelzceļa stacijas - iestaigāto taku vietā 2",2,22,in_voting,False
2026-06-18T12:51,bfhNXUR3VB,Vaivaru mežā,1,5,in_voting,False
2026-06-18T12:51,ZehtNs82ac,Majoru un Dzintaru bezmaksas suņu pastaigu laukums,1,8,in_voting,False
2026-06-18T12:51,ahqDLTe7p4,Mīlestības bāka Jūrmalā,1,33,in_voting,False
2026-06-18T12:51,M2p32qRtb9,"Jūrmalā, Slokā - nomales asfaltēšana krustojumā, pagrieziens uz karjeru no ventspils šosejas",0,4,in_voting,False
2026-06-18T12:51,MGe32qRtb9,"Jūrmalā Kauguros bērnu rotaļu laukuma paplašināšana un pilnveide, apgaismojuma ierīkošana citam rotaļu laukumam Raiņa 81",0,2,in_voting,False
2026-06-18T12:51,KhrpUybRet,Āra trenažieri Buļļuciemā – veseli un aktīvi jūrmalnieki,1,8,in_voting,False
2026-06-18T13:01,T7jGDR8K4B,Vecslocenes pastaigu taka,2,13,in_voting,True
2026-06-18T13:01,teL62cUjB5,Piemiņas vieta Kārlim Bardelim,2,23,in_voting,False
2026-06-18T13:01,c29ThVpT8M,Gājēju un velo celiņš Vaivaru stacija - Krastciems,2,29,in_voting,False
2026-06-18T13:01,R59abyepfW,Majoru un Dzintaru bezmaksas padel tenisa korti,2,10,in_voting,False
2026-06-18T13:01,XBU7NpRWV5,Jūrmalnieku tikšanās un piekrastes mantojuma telpa,1,4,in_voting,False
2026-06-18T13:01,a5hDLTe7p4,Informācijas stendi apkaimēs,16,99,in_voting,False
2026-06-18T13:01,Z92tNs82ac,"Jūrmalā, Slokā - Ietve un velostatīvi pie dzelzceļa stacijas - iestaigāto taku vietā 2",2,22,in_voting,False
2026-06-18T13:01,bfhNXUR3VB,Vaivaru mežā,1,5,in_voting,False
2026-06-18T13:01,ZehtNs82ac,Majoru un Dzintaru bezmaksas suņu pastaigu laukums,1,8,in_voting,False
2026-06-18T13:01,ahqDLTe7p4,Mīlestības bāka Jūrmalā,1,33,in_voting,False
2026-06-18T13:01,M2p32qRtb9,"Jūrmalā, Slokā - nomales asfaltēšana krustojumā, pagrieziens uz karjeru no ventspils šosejas",0,4,in_voting,False
2026-06-18T13:01,MGe32qRtb9,"Jūrmalā Kauguros bērnu rotaļu laukuma paplašināšana un pilnveide, apgaismojuma ierīkošana citam rotaļu laukumam Raiņa 81",0,2,in_voting,False
2026-06-18T13:01,KhrpUybRet,Āra trenažieri Buļļuciemā – veseli un aktīvi jūrmalnieki,1,8,in_voting,False
2026-06-18T13:11,T7jGDR8K4B,Vecslocenes pastaigu taka,2,13,in_voting,True
2026-06-18T13:11,teL62cUjB5,Piemiņas vieta Kārlim Bardelim,2,25,in_voting,False
2026-06-18T13:11,c29ThVpT8M,Gājēju un velo celiņš Vaivaru stacija - Krastciems,2,29,in_voting,False
2026-06-18T13:11,R59abyepfW,Majoru un Dzintaru bezmaksas padel tenisa korti,2,10,in_voting,False
2026-06-18T13:11,XBU7NpRWV5,Jūrmalnieku tikšanās un piekrastes mantojuma telpa,1,4,in_voting,False
2026-06-18T13:11,a5hDLTe7p4,Informācijas stendi apkaimēs,16,100,in_voting,False
2026-06-18T13:11,Z92tNs82ac,"Jūrmalā, Slokā - Ietve un velostatīvi pie dzelzceļa stacijas - iestaigāto taku vietā 2",2,22,in_voting,False
2026-06-18T13:11,bfhNXUR3VB,Vaivaru mežā,1,5,in_voting,False
2026-06-18T13:11,ZehtNs82ac,Majoru un Dzintaru bezmaksas suņu pastaigu laukums,1,8,in_voting,False
2026-06-18T13:11,ahqDLTe7p4,Mīlestības bāka Jūrmalā,1,33,in_voting,False
2026-06-18T13:11,M2p32qRtb9,"Jūrmalā, Slokā - nomales asfaltēšana krustojumā, pagrieziens uz karjeru no ventspils šosejas",0,4,in_voting,False
2026-06-18T13:11,MGe32qRtb9,"Jūrmalā Kauguros bērnu rotaļu laukuma paplašināšana un pilnveide, apgaismojuma ierīkošana citam rotaļu laukumam Raiņa 81",0,2,in_voting,False
2026-06-18T13:11,KhrpUybRet,Āra trenažieri Buļļuciemā – veseli un aktīvi jūrmalnieki,1,8,in_voting,False
2026-06-18T13:21,T7jGDR8K4B,Vecslocenes pastaigu taka,2,13,in_voting,True
2026-06-18T13:21,teL62cUjB5,Piemiņas vieta Kārlim Bardelim,2,25,in_voting,False
2026-06-18T13:21,c29ThVpT8M,Gājēju un velo celiņš Vaivaru stacija - Krastciems,2,29,in_voting,False
2026-06-18T13:21,R59abyepfW,Majoru un Dzintaru bezmaksas padel tenisa korti,2,10,in_voting,False
2026-06-18T13:21,XBU7NpRWV5,Jūrmalnieku tikšanās un piekrastes mantojuma telpa,1,4,in_voting,False
2026-06-18T13:21,a5hDLTe7p4,Informācijas stendi apkaimēs,16,103,in_voting,False
2026-06-18T13:21,Z92tNs82ac,"Jūrmalā, Slokā - Ietve un velostatīvi pie dzelzceļa stacijas - iestaigāto taku vietā 2",2,22,in_voting,False
2026-06-18T13:21,bfhNXUR3VB,Vaivaru mežā,1,5,in_voting,False
2026-06-18T13:21,ZehtNs82ac,Majoru un Dzintaru bezmaksas suņu pastaigu laukums,1,8,in_voting,False
2026-06-18T13:21,ahqDLTe7p4,Mīlestības bāka Jūrmalā,1,33,in_voting,False
2026-06-18T13:21,M2p32qRtb9,"Jūrmalā, Slokā - nomales asfaltēšana krustojumā, pagrieziens uz karjeru no ventspils šosejas",0,4,in_voting,False
2026-06-18T13:21,MGe32qRtb9,"Jūrmalā Kauguros bērnu rotaļu laukuma paplašināšana un pilnveide, apgaismojuma ierīkošana citam rotaļu laukumam Raiņa 81",0,2,in_voting,False
2026-06-18T13:21,KhrpUybRet,Āra trenažieri Buļļuciemā – veseli un aktīvi jūrmalnieki,1,8,in_voting,False
2026-06-18T13:31,T7jGDR8K4B,Vecslocenes pastaigu taka,2,13,in_voting,True
2026-06-18T13:31,teL62cUjB5,Piemiņas vieta Kārlim Bardelim,2,29,in_voting,False
2026-06-18T13:31,c29ThVpT8M,Gājēju un velo celiņš Vaivaru stacija - Krastciems,2,29,in_voting,False
2026-06-18T13:31,R59abyepfW,Majoru un Dzintaru bezmaksas padel tenisa korti,2,10,in_voting,False
2026-06-18T13:31,XBU7NpRWV5,Jūrmalnieku tikšanās un piekrastes mantojuma telpa,1,4,in_voting,False
2026-06-18T13:31,a5hDLTe7p4,Informācijas stendi apkaimēs,17,118,in_voting,False
2026-06-18T13:31,Z92tNs82ac,"Jūrmalā, Slokā - Ietve un velostatīvi pie dzelzceļa stacijas - iestaigāto taku vietā 2",2,22,in_voting,False
2026-06-18T13:31,bfhNXUR3VB,Vaivaru mežā,1,5,in_voting,False
2026-06-18T13:31,ZehtNs82ac,Majoru un Dzintaru bezmaksas suņu pastaigu laukums,1,8,in_voting,False
2026-06-18T13:31,ahqDLTe7p4,Mīlestības bāka Jūrmalā,1,33,in_voting,False
2026-06-18T13:31,M2p32qRtb9,"Jūrmalā, Slokā - nomales asfaltēšana krustojumā, pagrieziens uz karjeru no ventspils šosejas",0,4,in_voting,False
2026-06-18T13:31,MGe32qRtb9,"Jūrmalā Kauguros bērnu rotaļu laukuma paplašināšana un pilnveide, apgaismojuma ierīkošana citam rotaļu laukumam Raiņa 81",0,2,in_voting,False
2026-06-18T13:31,KhrpUybRet,Āra trenažieri Buļļuciemā – veseli un aktīvi jūrmalnieki,1,8,in_voting,False
2026-06-18T13:41,T7jGDR8K4B,Vecslocenes pastaigu taka,2,15,in_voting,True
2026-06-18T13:41,teL62cUjB5,Piemiņas vieta Kārlim Bardelim,2,33,in_voting,False
2026-06-18T13:41,c29ThVpT8M,Gājēju un velo celiņš Vaivaru stacija - Krastciems,2,29,in_voting,False
2026-06-18T13:41,R59abyepfW,Majoru un Dzintaru bezmaksas padel tenisa korti,2,10,in_voting,False
2026-06-18T13:41,XBU7NpRWV5,Jūrmalnieku tikšanās un piekrastes mantojuma telpa,1,4,in_voting,False
2026-06-18T13:41,a5hDLTe7p4,Informācijas stendi apkaimēs,17,126,in_voting,False
2026-06-18T13:41,Z92tNs82ac,"Jūrmalā, Slokā - Ietve un velostatīvi pie dzelzceļa stacijas - iestaigāto taku vietā 2",2,22,in_voting,False
2026-06-18T13:41,bfhNXUR3VB,Vaivaru mežā,1,5,in_voting,False
2026-06-18T13:41,ZehtNs82ac,Majoru un Dzintaru bezmaksas suņu pastaigu laukums,1,8,in_voting,False
2026-06-18T13:41,ahqDLTe7p4,Mīlestības bāka Jūrmalā,1,33,in_voting,False
2026-06-18T13:41,M2p32qRtb9,"Jūrmalā, Slokā - nomales asfaltēšana krustojumā, pagrieziens uz karjeru no ventspils šosejas",0,4,in_voting,False
2026-06-18T13:41,MGe32qRtb9,"Jūrmalā Kauguros bērnu rotaļu laukuma paplašināšana un pilnveide, apgaismojuma ierīkošana citam rotaļu laukumam Raiņa 81",0,2,in_voting,False
2026-06-18T13:41,KhrpUybRet,Āra trenažieri Buļļuciemā – veseli un aktīvi jūrmalnieki,1,8,in_voting,False
2026-06-18T13:51,T7jGDR8K4B,Vecslocenes pastaigu taka,2,15,in_voting,True
2026-06-18T13:51,teL62cUjB5,Piemiņas vieta Kārlim Bardelim,2,35,in_voting,False
2026-06-18T13:51,c29ThVpT8M,Gājēju un velo celiņš Vaivaru stacija - Krastciems,2,36,in_voting,False
2026-06-18T13:51,R59abyepfW,Majoru un Dzintaru bezmaksas padel tenisa korti,2,10,in_voting,False
2026-06-18T13:51,XBU7NpRWV5,Jūrmalnieku tikšanās un piekrastes mantojuma telpa,1,4,in_voting,False
2026-06-18T13:51,a5hDLTe7p4,Informācijas stendi apkaimēs,17,126,in_voting,False
2026-06-18T13:51,Z92tNs82ac,"Jūrmalā, Slokā - Ietve un velostatīvi pie dzelzceļa stacijas - iestaigāto taku vietā 2",2,22,in_voting,False
2026-06-18T13:51,bfhNXUR3VB,Vaivaru mežā,1,5,in_voting,False
2026-06-18T13:51,ZehtNs82ac,Majoru un Dzintaru bezmaksas suņu pastaigu laukums,1,8,in_voting,False
2026-06-18T13:51,ahqDLTe7p4,Mīlestības bāka Jūrmalā,1,33,in_voting,False
2026-06-18T13:51,M2p32qRtb9,"Jūrmalā, Slokā - nomales asfaltēšana krustojumā, pagrieziens uz karjeru no ventspils šosejas",0,4,in_voting,False
2026-06-18T13:51,MGe32qRtb9,"Jūrmalā Kauguros bērnu rotaļu laukuma paplašināšana un pilnveide, apgaismojuma ierīkošana citam rotaļu laukumam Raiņa 81",0,2,in_voting,False
2026-06-18T13:51,KhrpUybRet,Āra trenažieri Buļļuciemā – veseli un aktīvi jūrmalnieki,1,8,in_voting,False
2026-06-18T14:01,T7jGDR8K4B,Vecslocenes pastaigu taka,3,18,in_voting,True
2026-06-18T14:01,teL62cUjB5,Piemiņas vieta Kārlim Bardelim,2,37,in_voting,False
2026-06-18T14:01,c29ThVpT8M,Gājēju un velo celiņš Vaivaru stacija - Krastciems,2,36,in_voting,False
2026-06-18T14:01,R59abyepfW,Majoru un Dzintaru bezmaksas padel tenisa korti,2,12,in_voting,False
2026-06-18T14:01,XBU7NpRWV5,Jūrmalnieku tikšanās un piekrastes mantojuma telpa,2,5,in_voting,False
2026-06-18T14:01,a5hDLTe7p4,Informācijas stendi apkaimēs,18,132,in_voting,False
2026-06-18T14:01,Z92tNs82ac,"Jūrmalā, Slokā - Ietve un velostatīvi pie dzelzceļa stacijas - iestaigāto taku vietā 2",3,23,in_voting,False
2026-06-18T14:01,bfhNXUR3VB,Vaivaru mežā,1,5,in_voting,False
2026-06-18T14:01,ZehtNs82ac,Majoru un Dzintaru bezmaksas suņu pastaigu laukums,1,8,in_voting,False
2026-06-18T14:01,ahqDLTe7p4,Mīlestības bāka Jūrmalā,1,33,in_voting,False
2026-06-18T14:01,M2p32qRtb9,"Jūrmalā, Slokā - nomales asfaltēšana krustojumā, pagrieziens uz karjeru no ventspils šosejas",1,7,in_voting,False
2026-06-18T14:01,MGe32qRtb9,"Jūrmalā Kauguros bērnu rotaļu laukuma paplašināšana un pilnveide, apgaismojuma ierīkošana citam rotaļu laukumam Raiņa 81",0,2,in_voting,False
2026-06-18T14:01,KhrpUybRet,Āra trenažieri Buļļuciemā – veseli un aktīvi jūrmalnieki,1,8,in_voting,False
2026-06-18T14:11,T7jGDR8K4B,Vecslocenes pastaigu taka,3,19,in_voting,True
2026-06-18T14:11,teL62cUjB5,Piemiņas vieta Kārlim Bardelim,3,45,in_voting,False
2026-06-18T14:11,c29ThVpT8M,Gājēju un velo celiņš Vaivaru stacija - Krastciems,2,36,in_voting,False
2026-06-18T14:11,R59abyepfW,Majoru un Dzintaru bezmaksas padel tenisa korti,2,12,in_voting,False
2026-06-18T14:11,XBU7NpRWV5,Jūrmalnieku tikšanās un piekrastes mantojuma telpa,2,5,in_voting,False
2026-06-18T14:11,a5hDLTe7p4,Informācijas stendi apkaimēs,18,133,in_voting,False
2026-06-18T14:11,Z92tNs82ac,"Jūrmalā, Slokā - Ietve un velostatīvi pie dzelzceļa stacijas - iestaigāto taku vietā 2",3,23,in_voting,False
2026-06-18T14:11,bfhNXUR3VB,Vaivaru mežā,1,5,in_voting,False
2026-06-18T14:11,ZehtNs82ac,Majoru un Dzintaru bezmaksas suņu pastaigu laukums,1,8,in_voting,False
2026-06-18T14:11,ahqDLTe7p4,Mīlestības bāka Jūrmalā,1,35,in_voting,False
2026-06-18T14:11,M2p32qRtb9,"Jūrmalā, Slokā - nomales asfaltēšana krustojumā, pagrieziens uz karjeru no ventspils šosejas",1,7,in_voting,False
2026-06-18T14:11,MGe32qRtb9,"Jūrmalā Kauguros bērnu rotaļu laukuma paplašināšana un pilnveide, apgaismojuma ierīkošana citam rotaļu laukumam Raiņa 81",0,2,in_voting,False
2026-06-18T14:11,KhrpUybRet,Āra trenažieri Buļļuciemā – veseli un aktīvi jūrmalnieki,1,8,in_voting,False
2026-06-18T14:22,T7jGDR8K4B,Vecslocenes pastaigu taka,3,20,in_voting,True
2026-06-18T14:22,teL62cUjB5,Piemiņas vieta Kārlim Bardelim,3,45,in_voting,False
2026-06-18T14:22,c29ThVpT8M,Gājēju un velo celiņš Vaivaru stacija - Krastciems,2,36,in_voting,False
2026-06-18T14:22,R59abyepfW,Majoru un Dzintaru bezmaksas padel tenisa korti,2,12,in_voting,False
2026-06-18T14:22,XBU7NpRWV5,Jūrmalnieku tikšanās un piekrastes mantojuma telpa,2,5,in_voting,False
2026-06-18T14:22,a5hDLTe7p4,Informācijas stendi apkaimēs,18,135,in_voting,False
2026-06-18T14:22,Z92tNs82ac,"Jūrmalā, Slokā - Ietve un velostatīvi pie dzelzceļa stacijas - iestaigāto taku vietā 2",3,23,in_voting,False
2026-06-18T14:22,bfhNXUR3VB,Vaivaru mežā,1,5,in_voting,False
2026-06-18T14:22,ZehtNs82ac,Majoru un Dzintaru bezmaksas suņu pastaigu laukums,1,8,in_voting,False
2026-06-18T14:22,ahqDLTe7p4,Mīlestības bāka Jūrmalā,1,40,in_voting,False
2026-06-18T14:22,M2p32qRtb9,"Jūrmalā, Slokā - nomales asfaltēšana krustojumā, pagrieziens uz karjeru no ventspils šosejas",1,7,in_voting,False
2026-06-18T14:22,MGe32qRtb9,"Jūrmalā Kauguros bērnu rotaļu laukuma paplašināšana un pilnveide, apgaismojuma ierīkošana citam rotaļu laukumam Raiņa 81",0,2,in_voting,False
2026-06-18T14:22,KhrpUybRet,Āra trenažieri Buļļuciemā – veseli un aktīvi jūrmalnieki,1,8,in_voting,False
2026-06-18T14:32,T7jGDR8K4B,Vecslocenes pastaigu taka,3,20,in_voting,True
2026-06-18T14:32,teL62cUjB5,Piemiņas vieta Kārlim Bardelim,3,47,in_voting,False
2026-06-18T14:32,c29ThVpT8M,Gājēju un velo celiņš Vaivaru stacija - Krastciems,2,36,in_voting,False
2026-06-18T14:32,R59abyepfW,Majoru un Dzintaru bezmaksas padel tenisa korti,2,12,in_voting,False
2026-06-18T14:32,XBU7NpRWV5,Jūrmalnieku tikšanās un piekrastes mantojuma telpa,2,5,in_voting,False
2026-06-18T14:32,a5hDLTe7p4,Informācijas stendi apkaimēs,18,135,in_voting,False
2026-06-18T14:32,Z92tNs82ac,"Jūrmalā, Slokā - Ietve un velostatīvi pie dzelzceļa stacijas - iestaigāto taku vietā 2",3,26,in_voting,False
2026-06-18T14:32,bfhNXUR3VB,Vaivaru mežā,1,5,in_voting,False
2026-06-18T14:32,ZehtNs82ac,Majoru un Dzintaru bezmaksas suņu pastaigu laukums,1,8,in_voting,False
2026-06-18T14:32,ahqDLTe7p4,Mīlestības bāka Jūrmalā,1,42,in_voting,False
2026-06-18T14:32,M2p32qRtb9,"Jūrmalā, Slokā - nomales asfaltēšana krustojumā, pagrieziens uz karjeru no ventspils šosejas",1,7,in_voting,False
2026-06-18T14:32,MGe32qRtb9,"Jūrmalā Kauguros bērnu rotaļu laukuma paplašināšana un pilnveide, apgaismojuma ierīkošana citam rotaļu laukumam Raiņa 81",0,2,in_voting,False
2026-06-18T14:32,KhrpUybRet,Āra trenažieri Buļļuciemā – veseli un aktīvi jūrmalnieki,1,8,in_voting,False
2026-06-18T14:42,T7jGDR8K4B,Vecslocenes pastaigu taka,3,20,in_voting,True
2026-06-18T14:42,teL62cUjB5,Piemiņas vieta Kārlim Bardelim,5,49,in_voting,False
2026-06-18T14:42,c29ThVpT8M,Gājēju un velo celiņš Vaivaru stacija - Krastciems,2,40,in_voting,False
2026-06-18T14:42,R59abyepfW,Majoru un Dzintaru bezmaksas padel tenisa korti,2,12,in_voting,False
2026-06-18T14:42,XBU7NpRWV5,Jūrmalnieku tikšanās un piekrastes mantojuma telpa,2,5,in_voting,False
2026-06-18T14:42,a5hDLTe7p4,Informācijas stendi apkaimēs,18,143,in_voting,False
2026-06-18T14:42,Z92tNs82ac,"Jūrmalā, Slokā - Ietve un velostatīvi pie dzelzceļa stacijas - iestaigāto taku vietā 2",3,29,in_voting,False
2026-06-18T14:42,bfhNXUR3VB,Vaivaru mežā,1,5,in_voting,False
2026-06-18T14:42,ZehtNs82ac,Majoru un Dzintaru bezmaksas suņu pastaigu laukums,1,9,in_voting,False
2026-06-18T14:42,ahqDLTe7p4,Mīlestības bāka Jūrmalā,1,43,in_voting,False
2026-06-18T14:42,M2p32qRtb9,"Jūrmalā, Slokā - nomales asfaltēšana krustojumā, pagrieziens uz karjeru no ventspils šosejas",2,7,in_voting,False
2026-06-18T14:42,MGe32qRtb9,"Jūrmalā Kauguros bērnu rotaļu laukuma paplašināšana un pilnveide, apgaismojuma ierīkošana citam rotaļu laukumam Raiņa 81",0,2,in_voting,False
2026-06-18T14:42,KhrpUybRet,Āra trenažieri Buļļuciemā – veseli un aktīvi jūrmalnieki,1,8,in_voting,False
2026-06-18T14:52,T7jGDR8K4B,Vecslocenes pastaigu taka,3,20,in_voting,True
2026-06-18T14:52,teL62cUjB5,Piemiņas vieta Kārlim Bardelim,5,51,in_voting,False
2026-06-18T14:52,c29ThVpT8M,Gājēju un velo celiņš Vaivaru stacija - Krastciems,2,40,in_voting,False
2026-06-18T14:52,R59abyepfW,Majoru un Dzintaru bezmaksas padel tenisa korti,2,12,in_voting,False
2026-06-18T14:52,XBU7NpRWV5,Jūrmalnieku tikšanās un piekrastes mantojuma telpa,2,5,in_voting,False
2026-06-18T14:52,a5hDLTe7p4,Informācijas stendi apkaimēs,18,144,in_voting,False
2026-06-18T14:52,Z92tNs82ac,"Jūrmalā, Slokā - Ietve un velostatīvi pie dzelzceļa stacijas - iestaigāto taku vietā 2",3,29,in_voting,False
2026-06-18T14:52,bfhNXUR3VB,Vaivaru mežā,1,5,in_voting,False
2026-06-18T14:52,ZehtNs82ac,Majoru un Dzintaru bezmaksas suņu pastaigu laukums,1,9,in_voting,False
2026-06-18T14:52,ahqDLTe7p4,Mīlestības bāka Jūrmalā,1,46,in_voting,False
2026-06-18T14:52,M2p32qRtb9,"Jūrmalā, Slokā - nomales asfaltēšana krustojumā, pagrieziens uz karjeru no ventspils šosejas",2,7,in_voting,False
2026-06-18T14:52,MGe32qRtb9,"Jūrmalā Kauguros bērnu rotaļu laukuma paplašināšana un pilnveide, apgaismojuma ierīkošana citam rotaļu laukumam Raiņa 81",0,2,in_voting,False
2026-06-18T14:52,KhrpUybRet,Āra trenažieri Buļļuciemā – veseli un aktīvi jūrmalnieki,1,8,in_voting,False
2026-06-18T15:02,T7jGDR8K4B,Vecslocenes pastaigu taka,3,20,in_voting,True
2026-06-18T15:02,teL62cUjB5,Piemiņas vieta Kārlim Bardelim,5,51,in_voting,False
2026-06-18T15:02,c29ThVpT8M,Gājēju un velo celiņš Vaivaru stacija - Krastciems,2,40,in_voting,False
2026-06-18T15:02,R59abyepfW,Majoru un Dzintaru bezmaksas padel tenisa korti,2,12,in_voting,False
2026-06-18T15:02,XBU7NpRWV5,Jūrmalnieku tikšanās un piekrastes mantojuma telpa,2,5,in_voting,False
2026-06-18T15:02,a5hDLTe7p4,Informācijas stendi apkaimēs,18,145,in_voting,False
2026-06-18T15:02,Z92tNs82ac,"Jūrmalā, Slokā - Ietve un velostatīvi pie dzelzceļa stacijas - iestaigāto taku vietā 2",3,29,in_voting,False
2026-06-18T15:02,bfhNXUR3VB,Vaivaru mežā,1,5,in_voting,False
2026-06-18T15:02,ZehtNs82ac,Majoru un Dzintaru bezmaksas suņu pastaigu laukums,1,9,in_voting,False
2026-06-18T15:02,ahqDLTe7p4,Mīlestības bāka Jūrmalā,1,51,in_voting,False
2026-06-18T15:02,M2p32qRtb9,"Jūrmalā, Slokā - nomales asfaltēšana krustojumā, pagrieziens uz karjeru no ventspils šosejas",2,7,in_voting,False
2026-06-18T15:02,MGe32qRtb9,"Jūrmalā Kauguros bērnu rotaļu laukuma paplašināšana un pilnveide, apgaismojuma ierīkošana citam rotaļu laukumam Raiņa 81",0,2,in_voting,False
2026-06-18T15:02,KhrpUybRet,Āra trenažieri Buļļuciemā – veseli un aktīvi jūrmalnieki,1,8,in_voting,False
2026-06-18T15:12,T7jGDR8K4B,Vecslocenes pastaigu taka,3,20,in_voting,True
2026-06-18T15:12,teL62cUjB5,Piemiņas vieta Kārlim Bardelim,5,51,in_voting,False
2026-06-18T15:12,c29ThVpT8M,Gājēju un velo celiņš Vaivaru stacija - Krastciems,2,40,in_voting,False
2026-06-18T15:12,R59abyepfW,Majoru un Dzintaru bezmaksas padel tenisa korti,2,12,in_voting,False
2026-06-18T15:12,XBU7NpRWV5,Jūrmalnieku tikšanās un piekrastes mantojuma telpa,2,5,in_voting,False
2026-06-18T15:12,a5hDLTe7p4,Informācijas stendi apkaimēs,19,153,in_voting,False
2026-06-18T15:12,Z92tNs82ac,"Jūrmalā, Slokā - Ietve un velostatīvi pie dzelzceļa stacijas - iestaigāto taku vietā 2",3,29,in_voting,False
2026-06-18T15:12,bfhNXUR3VB,Vaivaru mežā,1,5,in_voting,False
2026-06-18T15:12,ZehtNs82ac,Majoru un Dzintaru bezmaksas suņu pastaigu laukums,1,9,in_voting,False
2026-06-18T15:12,ahqDLTe7p4,Mīlestības bāka Jūrmalā,1,51,in_voting,False
2026-06-18T15:12,M2p32qRtb9,"Jūrmalā, Slokā - nomales asfaltēšana krustojumā, pagrieziens uz karjeru no ventspils šosejas",2,7,in_voting,False
2026-06-18T15:12,MGe32qRtb9,"Jūrmalā Kauguros bērnu rotaļu laukuma paplašināšana un pilnveide, apgaismojuma ierīkošana citam rotaļu laukumam Raiņa 81",0,2,in_voting,False
2026-06-18T15:12,KhrpUybRet,Āra trenažieri Buļļuciemā – veseli un aktīvi jūrmalnieki,1,8,in_voting,False
2026-06-18T15:22,T7jGDR8K4B,Vecslocenes pastaigu taka,3,20,in_voting,True
2026-06-18T15:22,teL62cUjB5,Piemiņas vieta Kārlim Bardelim,5,51,in_voting,False
2026-06-18T15:22,c29ThVpT8M,Gājēju un velo celiņš Vaivaru stacija - Krastciems,2,40,in_voting,False
2026-06-18T15:22,R59abyepfW,Majoru un Dzintaru bezmaksas padel tenisa korti,2,12,in_voting,False
2026-06-18T15:22,XBU7NpRWV5,Jūrmalnieku tikšanās un piekrastes mantojuma telpa,2,5,in_voting,False
2026-06-18T15:22,a5hDLTe7p4,Informācijas stendi apkaimēs,21,161,in_voting,False
2026-06-18T15:22,Z92tNs82ac,"Jūrmalā, Slokā - Ietve un velostatīvi pie dzelzceļa stacijas - iestaigāto taku vietā 2",3,29,in_voting,False
2026-06-18T15:22,bfhNXUR3VB,Vaivaru mežā,1,5,in_voting,False
2026-06-18T15:22,ZehtNs82ac,Majoru un Dzintaru bezmaksas suņu pastaigu laukums,1,9,in_voting,False
2026-06-18T15:22,ahqDLTe7p4,Mīlestības bāka Jūrmalā,1,54,in_voting,False
2026-06-18T15:22,M2p32qRtb9,"Jūrmalā, Slokā - nomales asfaltēšana krustojumā, pagrieziens uz karjeru no ventspils šosejas",2,7,in_voting,False
2026-06-18T15:22,MGe32qRtb9,"Jūrmalā Kauguros bērnu rotaļu laukuma paplašināšana un pilnveide, apgaismojuma ierīkošana citam rotaļu laukumam Raiņa 81",0,2,in_voting,False
2026-06-18T15:22,KhrpUybRet,Āra trenažieri Buļļuciemā – veseli un aktīvi jūrmalnieki,1,8,in_voting,False
2026-06-18T15:32,T7jGDR8K4B,Vecslocenes pastaigu taka,3,20,in_voting,True
2026-06-18T15:32,teL62cUjB5,Piemiņas vieta Kārlim Bardelim,5,53,in_voting,False
2026-06-18T15:32,c29ThVpT8M,Gājēju un velo celiņš Vaivaru stacija - Krastciems,2,40,in_voting,False
2026-06-18T15:32,R59abyepfW,Majoru un Dzintaru bezmaksas padel tenisa korti,2,12,in_voting,False
2026-06-18T15:32,XBU7NpRWV5,Jūrmalnieku tikšanās un piekrastes mantojuma telpa,2,5,in_voting,False
2026-06-18T15:32,a5hDLTe7p4,Informācijas stendi apkaimēs,21,162,in_voting,False
2026-06-18T15:32,Z92tNs82ac,"Jūrmalā, Slokā - Ietve un velostatīvi pie dzelzceļa stacijas - iestaigāto taku vietā 2",3,29,in_voting,False
2026-06-18T15:32,bfhNXUR3VB,Vaivaru mežā,1,5,in_voting,False
2026-06-18T15:32,ZehtNs82ac,Majoru un Dzintaru bezmaksas suņu pastaigu laukums,1,9,in_voting,False
2026-06-18T15:32,ahqDLTe7p4,Mīlestības bāka Jūrmalā,1,56,in_voting,False
2026-06-18T15:32,M2p32qRtb9,"Jūrmalā, Slokā - nomales asfaltēšana krustojumā, pagrieziens uz karjeru no ventspils šosejas",2,7,in_voting,False
2026-06-18T15:32,MGe32qRtb9,"Jūrmalā Kauguros bērnu rotaļu laukuma paplašināšana un pilnveide, apgaismojuma ierīkošana citam rotaļu laukumam Raiņa 81",0,2,in_voting,False
2026-06-18T15:32,KhrpUybRet,Āra trenažieri Buļļuciemā – veseli un aktīvi jūrmalnieki,1,8,in_voting,False
2026-06-18T15:42,T7jGDR8K4B,Vecslocenes pastaigu taka,3,23,in_voting,True
2026-06-18T15:42,teL62cUjB5,Piemiņas vieta Kārlim Bardelim,5,57,in_voting,False
2026-06-18T15:42,c29ThVpT8M,Gājēju un velo celiņš Vaivaru stacija - Krastciems,2,40,in_voting,False
2026-06-18T15:42,R59abyepfW,Majoru un Dzintaru bezmaksas padel tenisa korti,2,12,in_voting,False
2026-06-18T15:42,XBU7NpRWV5,Jūrmalnieku tikšanās un piekrastes mantojuma telpa,2,5,in_voting,False
2026-06-18T15:42,a5hDLTe7p4,Informācijas stendi apkaimēs,21,162,in_voting,False
2026-06-18T15:42,Z92tNs82ac,"Jūrmalā, Slokā - Ietve un velostatīvi pie dzelzceļa stacijas - iestaigāto taku vietā 2",3,29,in_voting,False
2026-06-18T15:42,bfhNXUR3VB,Vaivaru mežā,1,5,in_voting,False
2026-06-18T15:42,ZehtNs82ac,Majoru un Dzintaru bezmaksas suņu pastaigu laukums,1,9,in_voting,False
2026-06-18T15:42,ahqDLTe7p4,Mīlestības bāka Jūrmalā,2,60,in_voting,False
2026-06-18T15:42,M2p32qRtb9,"Jūrmalā, Slokā - nomales asfaltēšana krustojumā, pagrieziens uz karjeru no ventspils šosejas",2,7,in_voting,False
2026-06-18T15:42,MGe32qRtb9,"Jūrmalā Kauguros bērnu rotaļu laukuma paplašināšana un pilnveide, apgaismojuma ierīkošana citam rotaļu laukumam Raiņa 81",0,2,in_voting,False
2026-06-18T15:42,KhrpUybRet,Āra trenažieri Buļļuciemā – veseli un aktīvi jūrmalnieki,1,8,in_voting,False
2026-06-18T15:52,T7jGDR8K4B,Vecslocenes pastaigu taka,3,23,in_voting,True
2026-06-18T15:52,teL62cUjB5,Piemiņas vieta Kārlim Bardelim,5,57,in_voting,False
2026-06-18T15:52,c29ThVpT8M,Gājēju un velo celiņš Vaivaru stacija - Krastciems,2,40,in_voting,False
2026-06-18T15:52,R59abyepfW,Majoru un Dzintaru bezmaksas padel tenisa korti,2,12,in_voting,False
2026-06-18T15:52,XBU7NpRWV5,Jūrmalnieku tikšanās un piekrastes mantojuma telpa,2,5,in_voting,False
2026-06-18T15:52,a5hDLTe7p4,Informācijas stendi apkaimēs,21,164,in_voting,False
2026-06-18T15:52,Z92tNs82ac,"Jūrmalā, Slokā - Ietve un velostatīvi pie dzelzceļa stacijas - iestaigāto taku vietā 2",3,29,in_voting,False
2026-06-18T15:52,bfhNXUR3VB,Vaivaru mežā,1,5,in_voting,False
2026-06-18T15:52,ZehtNs82ac,Majoru un Dzintaru bezmaksas suņu pastaigu laukums,1,9,in_voting,False
2026-06-18T15:52,ahqDLTe7p4,Mīlestības bāka Jūrmalā,2,62,in_voting,False
2026-06-18T15:52,M2p32qRtb9,"Jūrmalā, Slokā - nomales asfaltēšana krustojumā, pagrieziens uz karjeru no ventspils šosejas",2,7,in_voting,False
2026-06-18T15:52,MGe32qRtb9,"Jūrmalā Kauguros bērnu rotaļu laukuma paplašināšana un pilnveide, apgaismojuma ierīkošana citam rotaļu laukumam Raiņa 81",0,2,in_voting,False
2026-06-18T15:52,KhrpUybRet,Āra trenažieri Buļļuciemā – veseli un aktīvi jūrmalnieki,1,8,in_voting,False
2026-06-18T16:02,T7jGDR8K4B,Vecslocenes pastaigu taka,3,27,in_voting,True
2026-06-18T16:02,teL62cUjB5,Piemiņas vieta Kārlim Bardelim,5,57,in_voting,False
2026-06-18T16:02,c29ThVpT8M,Gājēju un velo celiņš Vaivaru stacija - Krastciems,2,40,in_voting,False
2026-06-18T16:02,R59abyepfW,Majoru un Dzintaru bezmaksas padel tenisa korti,2,12,in_voting,False
2026-06-18T16:02,XBU7NpRWV5,Jūrmalnieku tikšanās un piekrastes mantojuma telpa,2,5,in_voting,False
2026-06-18T16:02,a5hDLTe7p4,Informācijas stendi apkaimēs,21,164,in_voting,False
2026-06-18T16:02,Z92tNs82ac,"Jūrmalā, Slokā - Ietve un velostatīvi pie dzelzceļa stacijas - iestaigāto taku vietā 2",3,29,in_voting,False
2026-06-18T16:02,bfhNXUR3VB,Vaivaru mežā,1,5,in_voting,False
2026-06-18T16:02,ZehtNs82ac,Majoru un Dzintaru bezmaksas suņu pastaigu laukums,1,9,in_voting,False
2026-06-18T16:02,ahqDLTe7p4,Mīlestības bāka Jūrmalā,2,63,in_voting,False
2026-06-18T16:02,M2p32qRtb9,"Jūrmalā, Slokā - nomales asfaltēšana krustojumā, pagrieziens uz karjeru no ventspils šosejas",2,7,in_voting,False
2026-06-18T16:02,MGe32qRtb9,"Jūrmalā Kauguros bērnu rotaļu laukuma paplašināšana un pilnveide, apgaismojuma ierīkošana citam rotaļu laukumam Raiņa 81",0,2,in_voting,False
2026-06-18T16:02,KhrpUybRet,Āra trenažieri Buļļuciemā – veseli un aktīvi jūrmalnieki,1,8,in_voting,False
2026-06-18T16:12,T7jGDR8K4B,Vecslocenes pastaigu taka,3,27,in_voting,True
2026-06-18T16:12,teL62cUjB5,Piemiņas vieta Kārlim Bardelim,5,58,in_voting,False
2026-06-18T16:12,c29ThVpT8M,Gājēju un velo celiņš Vaivaru stacija - Krastciems,2,43,in_voting,False
2026-06-18T16:12,R59abyepfW,Majoru un Dzintaru bezmaksas padel tenisa korti,2,12,in_voting,False
2026-06-18T16:12,XBU7NpRWV5,Jūrmalnieku tikšanās un piekrastes mantojuma telpa,2,5,in_voting,False
2026-06-18T16:12,a5hDLTe7p4,Informācijas stendi apkaimēs,21,164,in_voting,False
2026-06-18T16:12,Z92tNs82ac,"Jūrmalā, Slokā - Ietve un velostatīvi pie dzelzceļa stacijas - iestaigāto taku vietā 2",3,29,in_voting,False
2026-06-18T16:12,bfhNXUR3VB,Vaivaru mežā,1,5,in_voting,False
2026-06-18T16:12,ZehtNs82ac,Majoru un Dzintaru bezmaksas suņu pastaigu laukums,1,9,in_voting,False
2026-06-18T16:12,ahqDLTe7p4,Mīlestības bāka Jūrmalā,2,63,in_voting,False
2026-06-18T16:12,M2p32qRtb9,"Jūrmalā, Slokā - nomales asfaltēšana krustojumā, pagrieziens uz karjeru no ventspils šosejas",2,7,in_voting,False
2026-06-18T16:12,MGe32qRtb9,"Jūrmalā Kauguros bērnu rotaļu laukuma paplašināšana un pilnveide, apgaismojuma ierīkošana citam rotaļu laukumam Raiņa 81",0,2,in_voting,False
2026-06-18T16:12,KhrpUybRet,Āra trenažieri Buļļuciemā – veseli un aktīvi jūrmalnieki,1,8,in_voting,False
2026-06-18T16:23,T7jGDR8K4B,Vecslocenes pastaigu taka,4,28,in_voting,True
2026-06-18T16:23,teL62cUjB5,Piemiņas vieta Kārlim Bardelim,6,58,in_voting,False
2026-06-18T16:23,c29ThVpT8M,Gājēju un velo celiņš Vaivaru stacija - Krastciems,3,43,in_voting,False
2026-06-18T16:23,R59abyepfW,Majoru un Dzintaru bezmaksas padel tenisa korti,3,12,in_voting,False
2026-06-18T16:23,XBU7NpRWV5,Jūrmalnieku tikšanās un piekrastes mantojuma telpa,3,5,in_voting,False
2026-06-18T16:23,a5hDLTe7p4,Informācijas stendi apkaimēs,22,164,in_voting,False
2026-06-18T16:23,Z92tNs82ac,"Jūrmalā, Slokā - Ietve un velostatīvi pie dzelzceļa stacijas - iestaigāto taku vietā 2",4,29,in_voting,False
2026-06-18T16:23,bfhNXUR3VB,Vaivaru mežā,2,5,in_voting,False
2026-06-18T16:23,ZehtNs82ac,Majoru un Dzintaru bezmaksas suņu pastaigu laukums,2,9,in_voting,False
2026-06-18T16:23,ahqDLTe7p4,Mīlestības bāka Jūrmalā,2,65,in_voting,False
2026-06-18T16:23,M2p32qRtb9,"Jūrmalā, Slokā - nomales asfaltēšana krustojumā, pagrieziens uz karjeru no ventspils šosejas",3,7,in_voting,False
2026-06-18T16:23,MGe32qRtb9,"Jūrmalā Kauguros bērnu rotaļu laukuma paplašināšana un pilnveide, apgaismojuma ierīkošana citam rotaļu laukumam Raiņa 81",1,2,in_voting,False
2026-06-18T16:23,KhrpUybRet,Āra trenažieri Buļļuciemā – veseli un aktīvi jūrmalnieki,2,8,in_voting,False
2026-06-18T16:33,T7jGDR8K4B,Vecslocenes pastaigu taka,4,32,in_voting,True
2026-06-18T16:33,teL62cUjB5,Piemiņas vieta Kārlim Bardelim,6,58,in_voting,False
2026-06-18T16:33,c29ThVpT8M,Gājēju un velo celiņš Vaivaru stacija - Krastciems,3,44,in_voting,False
2026-06-18T16:33,R59abyepfW,Majoru un Dzintaru bezmaksas padel tenisa korti,3,12,in_voting,False
2026-06-18T16:33,XBU7NpRWV5,Jūrmalnieku tikšanās un piekrastes mantojuma telpa,3,5,in_voting,False
2026-06-18T16:33,a5hDLTe7p4,Informācijas stendi apkaimēs,23,164,in_voting,False
2026-06-18T16:33,Z92tNs82ac,"Jūrmalā, Slokā - Ietve un velostatīvi pie dzelzceļa stacijas - iestaigāto taku vietā 2",4,29,in_voting,False
2026-06-18T16:33,bfhNXUR3VB,Vaivaru mežā,2,5,in_voting,False
2026-06-18T16:33,ZehtNs82ac,Majoru un Dzintaru bezmaksas suņu pastaigu laukums,2,9,in_voting,False
2026-06-18T16:33,ahqDLTe7p4,Mīlestības bāka Jūrmalā,3,65,in_voting,False
2026-06-18T16:33,M2p32qRtb9,"Jūrmalā, Slokā - nomales asfaltēšana krustojumā, pagrieziens uz karjeru no ventspils šosejas",3,7,in_voting,False
2026-06-18T16:33,MGe32qRtb9,"Jūrmalā Kauguros bērnu rotaļu laukuma paplašināšana un pilnveide, apgaismojuma ierīkošana citam rotaļu laukumam Raiņa 81",1,2,in_voting,False
2026-06-18T16:33,KhrpUybRet,Āra trenažieri Buļļuciemā – veseli un aktīvi jūrmalnieki,2,8,in_voting,False
2026-06-18T16:43,T7jGDR8K4B,Vecslocenes pastaigu taka,4,32,in_voting,True
2026-06-18T16:43,teL62cUjB5,Piemiņas vieta Kārlim Bardelim,6,59,in_voting,False
2026-06-18T16:43,c29ThVpT8M,Gājēju un velo celiņš Vaivaru stacija - Krastciems,3,44,in_voting,False
2026-06-18T16:43,R59abyepfW,Majoru un Dzintaru bezmaksas padel tenisa korti,3,12,in_voting,False
2026-06-18T16:43,XBU7NpRWV5,Jūrmalnieku tikšanās un piekrastes mantojuma telpa,3,5,in_voting,False
2026-06-18T16:43,a5hDLTe7p4,Informācijas stendi apkaimēs,23,164,in_voting,False
2026-06-18T16:43,Z92tNs82ac,"Jūrmalā, Slokā - Ietve un velostatīvi pie dzelzceļa stacijas - iestaigāto taku vietā 2",4,29,in_voting,False
2026-06-18T16:43,bfhNXUR3VB,Vaivaru mežā,2,5,in_voting,False
2026-06-18T16:43,ZehtNs82ac,Majoru un Dzintaru bezmaksas suņu pastaigu laukums,2,9,in_voting,False
2026-06-18T16:43,ahqDLTe7p4,Mīlestības bāka Jūrmalā,3,65,in_voting,False
2026-06-18T16:43,M2p32qRtb9,"Jūrmalā, Slokā - nomales asfaltēšana krustojumā, pagrieziens uz karjeru no ventspils šosejas",3,7,in_voting,False
2026-06-18T16:43,MGe32qRtb9,"Jūrmalā Kauguros bērnu rotaļu laukuma paplašināšana un pilnveide, apgaismojuma ierīkošana citam rotaļu laukumam Raiņa 81",1,2,in_voting,False
2026-06-18T16:43,KhrpUybRet,Āra trenažieri Buļļuciemā – veseli un aktīvi jūrmalnieki,2,8,in_voting,False
2026-06-18T16:53,T7jGDR8K4B,Vecslocenes pastaigu taka,4,32,in_voting,True
2026-06-18T16:53,teL62cUjB5,Piemiņas vieta Kārlim Bardelim,6,62,in_voting,False
2026-06-18T16:53,c29ThVpT8M,Gājēju un velo celiņš Vaivaru stacija - Krastciems,3,45,in_voting,False
2026-06-18T16:53,R59abyepfW,Majoru un Dzintaru bezmaksas padel tenisa korti,3,12,in_voting,False
2026-06-18T16:53,XBU7NpRWV5,Jūrmalnieku tikšanās un piekrastes mantojuma telpa,3,5,in_voting,False
2026-06-18T16:53,a5hDLTe7p4,Informācijas stendi apkaimēs,23,164,in_voting,False
2026-06-18T16:53,Z92tNs82ac,"Jūrmalā, Slokā - Ietve un velostatīvi pie dzelzceļa stacijas - iestaigāto taku vietā 2",4,29,in_voting,False
2026-06-18T16:53,bfhNXUR3VB,Vaivaru mežā,2,5,in_voting,False
2026-06-18T16:53,ZehtNs82ac,Majoru un Dzintaru bezmaksas suņu pastaigu laukums,2,9,in_voting,False
2026-06-18T16:53,ahqDLTe7p4,Mīlestības bāka Jūrmalā,3,65,in_voting,False
2026-06-18T16:53,M2p32qRtb9,"Jūrmalā, Slokā - nomales asfaltēšana krustojumā, pagrieziens uz karjeru no ventspils šosejas",3,7,in_voting,False
2026-06-18T16:53,MGe32qRtb9,"Jūrmalā Kauguros bērnu rotaļu laukuma paplašināšana un pilnveide, apgaismojuma ierīkošana citam rotaļu laukumam Raiņa 81",1,2,in_voting,False
2026-06-18T16:53,KhrpUybRet,Āra trenažieri Buļļuciemā – veseli un aktīvi jūrmalnieki,2,8,in_voting,False
2026-06-18T17:03,T7jGDR8K4B,Vecslocenes pastaigu taka,4,32,in_voting,True
2026-06-18T17:03,teL62cUjB5,Piemiņas vieta Kārlim Bardelim,6,64,in_voting,False
2026-06-18T17:03,c29ThVpT8M,Gājēju un velo celiņš Vaivaru stacija - Krastciems,3,45,in_voting,False
2026-06-18T17:03,R59abyepfW,Majoru un Dzintaru bezmaksas padel tenisa korti,3,12,in_voting,False
2026-06-18T17:03,XBU7NpRWV5,Jūrmalnieku tikšanās un piekrastes mantojuma telpa,3,5,in_voting,False
2026-06-18T17:03,a5hDLTe7p4,Informācijas stendi apkaimēs,23,167,in_voting,False
2026-06-18T17:03,Z92tNs82ac,"Jūrmalā, Slokā - Ietve un velostatīvi pie dzelzceļa stacijas - iestaigāto taku vietā 2",4,29,in_voting,False
2026-06-18T17:03,bfhNXUR3VB,Vaivaru mežā,2,5,in_voting,False
2026-06-18T17:03,ZehtNs82ac,Majoru un Dzintaru bezmaksas suņu pastaigu laukums,2,9,in_voting,False
2026-06-18T17:03,ahqDLTe7p4,Mīlestības bāka Jūrmalā,3,65,in_voting,False
2026-06-18T17:03,M2p32qRtb9,"Jūrmalā, Slokā - nomales asfaltēšana krustojumā, pagrieziens uz karjeru no ventspils šosejas",3,7,in_voting,False
2026-06-18T17:03,MGe32qRtb9,"Jūrmalā Kauguros bērnu rotaļu laukuma paplašināšana un pilnveide, apgaismojuma ierīkošana citam rotaļu laukumam Raiņa 81",1,2,in_voting,False
2026-06-18T17:03,KhrpUybRet,Āra trenažieri Buļļuciemā – veseli un aktīvi jūrmalnieki,2,8,in_voting,False
2026-06-18T17:13,T7jGDR8K4B,Vecslocenes pastaigu taka,4,32,in_voting,True
2026-06-18T17:13,teL62cUjB5,Piemiņas vieta Kārlim Bardelim,6,64,in_voting,False
2026-06-18T17:13,c29ThVpT8M,Gājēju un velo celiņš Vaivaru stacija - Krastciems,3,45,in_voting,False
2026-06-18T17:13,R59abyepfW,Majoru un Dzintaru bezmaksas padel tenisa korti,3,12,in_voting,False
2026-06-18T17:13,XBU7NpRWV5,Jūrmalnieku tikšanās un piekrastes mantojuma telpa,3,5,in_voting,False
2026-06-18T17:13,a5hDLTe7p4,Informācijas stendi apkaimēs,23,167,in_voting,False
2026-06-18T17:13,Z92tNs82ac,"Jūrmalā, Slokā - Ietve un velostatīvi pie dzelzceļa stacijas - iestaigāto taku vietā 2",4,29,in_voting,False
2026-06-18T17:13,bfhNXUR3VB,Vaivaru mežā,2,5,in_voting,False
2026-06-18T17:13,ZehtNs82ac,Majoru un Dzintaru bezmaksas suņu pastaigu laukums,2,9,in_voting,False
2026-06-18T17:13,ahqDLTe7p4,Mīlestības bāka Jūrmalā,3,65,in_voting,False
2026-06-18T17:13,M2p32qRtb9,"Jūrmalā, Slokā - nomales asfaltēšana krustojumā, pagrieziens uz karjeru no ventspils šosejas",3,7,in_voting,False
2026-06-18T17:13,MGe32qRtb9,"Jūrmalā Kauguros bērnu rotaļu laukuma paplašināšana un pilnveide, apgaismojuma ierīkošana citam rotaļu laukumam Raiņa 81",1,2,in_voting,False
2026-06-18T17:13,KhrpUybRet,Āra trenažieri Buļļuciemā – veseli un aktīvi jūrmalnieki,2,8,in_voting,False
2026-06-18T17:23,T7jGDR8K4B,Vecslocenes pastaigu taka,4,32,in_voting,True
2026-06-18T17:23,teL62cUjB5,Piemiņas vieta Kārlim Bardelim,7,65,in_voting,False
2026-06-18T17:23,c29ThVpT8M,Gājēju un velo celiņš Vaivaru stacija - Krastciems,3,45,in_voting,False
2026-06-18T17:23,R59abyepfW,Majoru un Dzintaru bezmaksas padel tenisa korti,3,12,in_voting,False
2026-06-18T17:23,XBU7NpRWV5,Jūrmalnieku tikšanās un piekrastes mantojuma telpa,4,5,in_voting,False
2026-06-18T17:23,a5hDLTe7p4,Informācijas stendi apkaimēs,24,167,in_voting,False
2026-06-18T17:23,Z92tNs82ac,"Jūrmalā, Slokā - Ietve un velostatīvi pie dzelzceļa stacijas - iestaigāto taku vietā 2",4,29,in_voting,False
2026-06-18T17:23,bfhNXUR3VB,Vaivaru mežā,2,5,in_voting,False
2026-06-18T17:23,ZehtNs82ac,Majoru un Dzintaru bezmaksas suņu pastaigu laukums,2,9,in_voting,False
2026-06-18T17:23,ahqDLTe7p4,Mīlestības bāka Jūrmalā,3,65,in_voting,False
2026-06-18T17:23,M2p32qRtb9,"Jūrmalā, Slokā - nomales asfaltēšana krustojumā, pagrieziens uz karjeru no ventspils šosejas",3,7,in_voting,False
2026-06-18T17:23,MGe32qRtb9,"Jūrmalā Kauguros bērnu rotaļu laukuma paplašināšana un pilnveide, apgaismojuma ierīkošana citam rotaļu laukumam Raiņa 81",1,2,in_voting,False
2026-06-18T17:23,KhrpUybRet,Āra trenažieri Buļļuciemā – veseli un aktīvi jūrmalnieki,2,8,in_voting,False
2026-06-18T17:33,T7jGDR8K4B,Vecslocenes pastaigu taka,4,32,in_voting,True
2026-06-18T17:33,teL62cUjB5,Piemiņas vieta Kārlim Bardelim,7,65,in_voting,False
2026-06-18T17:33,c29ThVpT8M,Gājēju un velo celiņš Vaivaru stacija - Krastciems,3,45,in_voting,False
2026-06-18T17:33,R59abyepfW,Majoru un Dzintaru bezmaksas padel tenisa korti,3,12,in_voting,False
2026-06-18T17:33,XBU7NpRWV5,Jūrmalnieku tikšanās un piekrastes mantojuma telpa,4,5,in_voting,False
2026-06-18T17:33,a5hDLTe7p4,Informācijas stendi apkaimēs,24,167,in_voting,False
2026-06-18T17:33,Z92tNs82ac,"Jūrmalā, Slokā - Ietve un velostatīvi pie dzelzceļa stacijas - iestaigāto taku vietā 2",4,29,in_voting,False
2026-06-18T17:33,bfhNXUR3VB,Vaivaru mežā,2,5,in_voting,False
2026-06-18T17:33,ZehtNs82ac,Majoru un Dzintaru bezmaksas suņu pastaigu laukums,2,9,in_voting,False
2026-06-18T17:33,ahqDLTe7p4,Mīlestības bāka Jūrmalā,3,65,in_voting,False
2026-06-18T17:33,M2p32qRtb9,"Jūrmalā, Slokā - nomales asfaltēšana krustojumā, pagrieziens uz karjeru no ventspils šosejas",3,7,in_voting,False
2026-06-18T17:33,MGe32qRtb9,"Jūrmalā Kauguros bērnu rotaļu laukuma paplašināšana un pilnveide, apgaismojuma ierīkošana citam rotaļu laukumam Raiņa 81",1,2,in_voting,False
2026-06-18T17:33,KhrpUybRet,Āra trenažieri Buļļuciemā – veseli un aktīvi jūrmalnieki,2,8,in_voting,False
2026-06-18T17:43,T7jGDR8K4B,Vecslocenes pastaigu taka,4,34,in_voting,True
2026-06-18T17:43,teL62cUjB5,Piemiņas vieta Kārlim Bardelim,7,67,in_voting,False
2026-06-18T17:43,c29ThVpT8M,Gājēju un velo celiņš Vaivaru stacija - Krastciems,3,45,in_voting,False
2026-06-18T17:43,R59abyepfW,Majoru un Dzintaru bezmaksas padel tenisa korti,3,12,in_voting,False
2026-06-18T17:43,XBU7NpRWV5,Jūrmalnieku tikšanās un piekrastes mantojuma telpa,4,5,in_voting,False
2026-06-18T17:43,a5hDLTe7p4,Informācijas stendi apkaimēs,24,167,in_voting,False
2026-06-18T17:43,Z92tNs82ac,"Jūrmalā, Slokā - Ietve un velostatīvi pie dzelzceļa stacijas - iestaigāto taku vietā 2",4,29,in_voting,False
2026-06-18T17:43,bfhNXUR3VB,Vaivaru mežā,2,5,in_voting,False
2026-06-18T17:43,ZehtNs82ac,Majoru un Dzintaru bezmaksas suņu pastaigu laukums,2,9,in_voting,False
2026-06-18T17:43,ahqDLTe7p4,Mīlestības bāka Jūrmalā,3,65,in_voting,False
2026-06-18T17:43,M2p32qRtb9,"Jūrmalā, Slokā - nomales asfaltēšana krustojumā, pagrieziens uz karjeru no ventspils šosejas",3,7,in_voting,False
2026-06-18T17:43,MGe32qRtb9,"Jūrmalā Kauguros bērnu rotaļu laukuma paplašināšana un pilnveide, apgaismojuma ierīkošana citam rotaļu laukumam Raiņa 81",1,2,in_voting,False
2026-06-18T17:43,KhrpUybRet,Āra trenažieri Buļļuciemā – veseli un aktīvi jūrmalnieki,2,8,in_voting,False
2026-06-18T17:53,T7jGDR8K4B,Vecslocenes pastaigu taka,4,45,in_voting,True
2026-06-18T17:53,teL62cUjB5,Piemiņas vieta Kārlim Bardelim,7,67,in_voting,False
2026-06-18T17:53,c29ThVpT8M,Gājēju un velo celiņš Vaivaru stacija - Krastciems,3,45,in_voting,False
2026-06-18T17:53,R59abyepfW,Majoru un Dzintaru bezmaksas padel tenisa korti,3,12,in_voting,False
2026-06-18T17:53,XBU7NpRWV5,Jūrmalnieku tikšanās un piekrastes mantojuma telpa,4,5,in_voting,False
2026-06-18T17:53,a5hDLTe7p4,Informācijas stendi apkaimēs,24,167,in_voting,False
2026-06-18T17:53,Z92tNs82ac,"Jūrmalā, Slokā - Ietve un velostatīvi pie dzelzceļa stacijas - iestaigāto taku vietā 2",4,29,in_voting,False
2026-06-18T17:53,bfhNXUR3VB,Vaivaru mežā,2,5,in_voting,False
2026-06-18T17:53,ZehtNs82ac,Majoru un Dzintaru bezmaksas suņu pastaigu laukums,3,9,in_voting,False
2026-06-18T17:53,ahqDLTe7p4,Mīlestības bāka Jūrmalā,3,65,in_voting,False
2026-06-18T17:53,M2p32qRtb9,"Jūrmalā, Slokā - nomales asfaltēšana krustojumā, pagrieziens uz karjeru no ventspils šosejas",3,7,in_voting,False
2026-06-18T17:53,MGe32qRtb9,"Jūrmalā Kauguros bērnu rotaļu laukuma paplašināšana un pilnveide, apgaismojuma ierīkošana citam rotaļu laukumam Raiņa 81",1,2,in_voting,False
2026-06-18T17:53,KhrpUybRet,Āra trenažieri Buļļuciemā – veseli un aktīvi jūrmalnieki,2,8,in_voting,False
2026-06-18T18:03,T7jGDR8K4B,Vecslocenes pastaigu taka,4,45,in_voting,True
2026-06-18T18:03,teL62cUjB5,Piemiņas vieta Kārlim Bardelim,7,67,in_voting,False
2026-06-18T18:03,c29ThVpT8M,Gājēju un velo celiņš Vaivaru stacija - Krastciems,3,45,in_voting,False
2026-06-18T18:03,R59abyepfW,Majoru un Dzintaru bezmaksas padel tenisa korti,3,12,in_voting,False
2026-06-18T18:03,XBU7NpRWV5,Jūrmalnieku tikšanās un piekrastes mantojuma telpa,4,5,in_voting,False
2026-06-18T18:03,a5hDLTe7p4,Informācijas stendi apkaimēs,24,167,in_voting,False
2026-06-18T18:03,Z92tNs82ac,"Jūrmalā, Slokā - Ietve un velostatīvi pie dzelzceļa stacijas - iestaigāto taku vietā 2",4,29,in_voting,False
2026-06-18T18:03,bfhNXUR3VB,Vaivaru mežā,2,5,in_voting,False
2026-06-18T18:03,ZehtNs82ac,Majoru un Dzintaru bezmaksas suņu pastaigu laukums,3,9,in_voting,False
2026-06-18T18:03,ahqDLTe7p4,Mīlestības bāka Jūrmalā,3,65,in_voting,False
2026-06-18T18:03,M2p32qRtb9,"Jūrmalā, Slokā - nomales asfaltēšana krustojumā, pagrieziens uz karjeru no ventspils šosejas",3,7,in_voting,False
2026-06-18T18:03,MGe32qRtb9,"Jūrmalā Kauguros bērnu rotaļu laukuma paplašināšana un pilnveide, apgaismojuma ierīkošana citam rotaļu laukumam Raiņa 81",1,2,in_voting,False
2026-06-18T18:03,KhrpUybRet,Āra trenažieri Buļļuciemā – veseli un aktīvi jūrmalnieki,2,8,in_voting,False
2026-06-18T18:13,T7jGDR8K4B,Vecslocenes pastaigu taka,4,47,in_voting,True
2026-06-18T18:13,teL62cUjB5,Piemiņas vieta Kārlim Bardelim,7,67,in_voting,False
2026-06-18T18:13,c29ThVpT8M,Gājēju un velo celiņš Vaivaru stacija - Krastciems,3,45,in_voting,False
2026-06-18T18:13,R59abyepfW,Majoru un Dzintaru bezmaksas padel tenisa korti,3,12,in_voting,False
2026-06-18T18:13,XBU7NpRWV5,Jūrmalnieku tikšanās un piekrastes mantojuma telpa,4,5,in_voting,False
2026-06-18T18:13,a5hDLTe7p4,Informācijas stendi apkaimēs,24,167,in_voting,False
2026-06-18T18:13,Z92tNs82ac,"Jūrmalā, Slokā - Ietve un velostatīvi pie dzelzceļa stacijas - iestaigāto taku vietā 2",4,29,in_voting,False
2026-06-18T18:13,bfhNXUR3VB,Vaivaru mežā,2,5,in_voting,False
2026-06-18T18:13,ZehtNs82ac,Majoru un Dzintaru bezmaksas suņu pastaigu laukums,3,9,in_voting,False
2026-06-18T18:13,ahqDLTe7p4,Mīlestības bāka Jūrmalā,3,68,in_voting,False
2026-06-18T18:13,M2p32qRtb9,"Jūrmalā, Slokā - nomales asfaltēšana krustojumā, pagrieziens uz karjeru no ventspils šosejas",3,7,in_voting,False
2026-06-18T18:13,MGe32qRtb9,"Jūrmalā Kauguros bērnu rotaļu laukuma paplašināšana un pilnveide, apgaismojuma ierīkošana citam rotaļu laukumam Raiņa 81",1,2,in_voting,False
2026-06-18T18:13,KhrpUybRet,Āra trenažieri Buļļuciemā – veseli un aktīvi jūrmalnieki,2,8,in_voting,False
2026-06-18T18:24,T7jGDR8K4B,Vecslocenes pastaigu taka,4,47,in_voting,True
2026-06-18T18:24,teL62cUjB5,Piemiņas vieta Kārlim Bardelim,7,67,in_voting,False
2026-06-18T18:24,c29ThVpT8M,Gājēju un velo celiņš Vaivaru stacija - Krastciems,3,45,in_voting,False
2026-06-18T18:24,R59abyepfW,Majoru un Dzintaru bezmaksas padel tenisa korti,3,12,in_voting,False
2026-06-18T18:24,XBU7NpRWV5,Jūrmalnieku tikšanās un piekrastes mantojuma telpa,4,5,in_voting,False
2026-06-18T18:24,a5hDLTe7p4,Informācijas stendi apkaimēs,24,167,in_voting,False
2026-06-18T18:24,Z92tNs82ac,"Jūrmalā, Slokā - Ietve un velostatīvi pie dzelzceļa stacijas - iestaigāto taku vietā 2",4,29,in_voting,False
2026-06-18T18:24,bfhNXUR3VB,Vaivaru mežā,2,5,in_voting,False
2026-06-18T18:24,ZehtNs82ac,Majoru un Dzintaru bezmaksas suņu pastaigu laukums,3,9,in_voting,False
2026-06-18T18:24,ahqDLTe7p4,Mīlestības bāka Jūrmalā,3,68,in_voting,False
2026-06-18T18:24,M2p32qRtb9,"Jūrmalā, Slokā - nomales asfaltēšana krustojumā, pagrieziens uz karjeru no ventspils šosejas",3,7,in_voting,False
2026-06-18T18:24,MGe32qRtb9,"Jūrmalā Kauguros bērnu rotaļu laukuma paplašināšana un pilnveide, apgaismojuma ierīkošana citam rotaļu laukumam Raiņa 81",1,2,in_voting,False
2026-06-18T18:24,KhrpUybRet,Āra trenažieri Buļļuciemā – veseli un aktīvi jūrmalnieki,2,8,in_voting,False
2026-06-18T18:34,T7jGDR8K4B,Vecslocenes pastaigu taka,4,49,in_voting,True
2026-06-18T18:34,teL62cUjB5,Piemiņas vieta Kārlim Bardelim,7,69,in_voting,False
2026-06-18T18:34,c29ThVpT8M,Gājēju un velo celiņš Vaivaru stacija - Krastciems,3,45,in_voting,False
2026-06-18T18:34,R59abyepfW,Majoru un Dzintaru bezmaksas padel tenisa korti,3,12,in_voting,False
2026-06-18T18:34,XBU7NpRWV5,Jūrmalnieku tikšanās un piekrastes mantojuma telpa,4,5,in_voting,False
2026-06-18T18:34,a5hDLTe7p4,Informācijas stendi apkaimēs,24,169,in_voting,False
2026-06-18T18:34,Z92tNs82ac,"Jūrmalā, Slokā - Ietve un velostatīvi pie dzelzceļa stacijas - iestaigāto taku vietā 2",5,33,in_voting,False
2026-06-18T18:34,bfhNXUR3VB,Vaivaru mežā,2,5,in_voting,False
2026-06-18T18:34,ZehtNs82ac,Majoru un Dzintaru bezmaksas suņu pastaigu laukums,3,9,in_voting,False
2026-06-18T18:34,ahqDLTe7p4,Mīlestības bāka Jūrmalā,3,68,in_voting,False
2026-06-18T18:34,M2p32qRtb9,"Jūrmalā, Slokā - nomales asfaltēšana krustojumā, pagrieziens uz karjeru no ventspils šosejas",3,8,in_voting,False
2026-06-18T18:34,MGe32qRtb9,"Jūrmalā Kauguros bērnu rotaļu laukuma paplašināšana un pilnveide, apgaismojuma ierīkošana citam rotaļu laukumam Raiņa 81",1,2,in_voting,False
2026-06-18T18:34,KhrpUybRet,Āra trenažieri Buļļuciemā – veseli un aktīvi jūrmalnieki,2,8,in_voting,False
2026-06-18T18:44,T7jGDR8K4B,Vecslocenes pastaigu taka,4,49,in_voting,True
2026-06-18T18:44,teL62cUjB5,Piemiņas vieta Kārlim Bardelim,7,69,in_voting,False
2026-06-18T18:44,c29ThVpT8M,Gājēju un velo celiņš Vaivaru stacija - Krastciems,3,45,in_voting,False
2026-06-18T18:44,R59abyepfW,Majoru un Dzintaru bezmaksas padel tenisa korti,3,12,in_voting,False
2026-06-18T18:44,XBU7NpRWV5,Jūrmalnieku tikšanās un piekrastes mantojuma telpa,4,5,in_voting,False
2026-06-18T18:44,a5hDLTe7p4,Informācijas stendi apkaimēs,25,174,in_voting,False
2026-06-18T18:44,Z92tNs82ac,"Jūrmalā, Slokā - Ietve un velostatīvi pie dzelzceļa stacijas - iestaigāto taku vietā 2",5,34,in_voting,False
2026-06-18T18:44,bfhNXUR3VB,Vaivaru mežā,2,5,in_voting,False
2026-06-18T18:44,ZehtNs82ac,Majoru un Dzintaru bezmaksas suņu pastaigu laukums,3,9,in_voting,False
2026-06-18T18:44,ahqDLTe7p4,Mīlestības bāka Jūrmalā,3,68,in_voting,False
2026-06-18T18:44,M2p32qRtb9,"Jūrmalā, Slokā - nomales asfaltēšana krustojumā, pagrieziens uz karjeru no ventspils šosejas",4,11,in_voting,False
2026-06-18T18:44,MGe32qRtb9,"Jūrmalā Kauguros bērnu rotaļu laukuma paplašināšana un pilnveide, apgaismojuma ierīkošana citam rotaļu laukumam Raiņa 81",1,2,in_voting,False
2026-06-18T18:44,KhrpUybRet,Āra trenažieri Buļļuciemā – veseli un aktīvi jūrmalnieki,2,8,in_voting,False
2026-06-18T18:54,T7jGDR8K4B,Vecslocenes pastaigu taka,4,49,in_voting,True
2026-06-18T18:54,teL62cUjB5,Piemiņas vieta Kārlim Bardelim,7,74,in_voting,False
2026-06-18T18:54,c29ThVpT8M,Gājēju un velo celiņš Vaivaru stacija - Krastciems,3,45,in_voting,False
2026-06-18T18:54,R59abyepfW,Majoru un Dzintaru bezmaksas padel tenisa korti,3,12,in_voting,False
2026-06-18T18:54,XBU7NpRWV5,Jūrmalnieku tikšanās un piekrastes mantojuma telpa,4,5,in_voting,False
2026-06-18T18:54,a5hDLTe7p4,Informācijas stendi apkaimēs,25,174,in_voting,False
2026-06-18T18:54,Z92tNs82ac,"Jūrmalā, Slokā - Ietve un velostatīvi pie dzelzceļa stacijas - iestaigāto taku vietā 2",5,34,in_voting,False
2026-06-18T18:54,bfhNXUR3VB,Vaivaru mežā,2,5,in_voting,False
2026-06-18T18:54,ZehtNs82ac,Majoru un Dzintaru bezmaksas suņu pastaigu laukums,3,9,in_voting,False
2026-06-18T18:54,ahqDLTe7p4,Mīlestības bāka Jūrmalā,3,68,in_voting,False
2026-06-18T18:54,M2p32qRtb9,"Jūrmalā, Slokā - nomales asfaltēšana krustojumā, pagrieziens uz karjeru no ventspils šosejas",4,11,in_voting,False
2026-06-18T18:54,MGe32qRtb9,"Jūrmalā Kauguros bērnu rotaļu laukuma paplašināšana un pilnveide, apgaismojuma ierīkošana citam rotaļu laukumam Raiņa 81",1,2,in_voting,False
2026-06-18T18:54,KhrpUybRet,Āra trenažieri Buļļuciemā – veseli un aktīvi jūrmalnieki,2,8,in_voting,False
2026-06-18T19:04,T7jGDR8K4B,Vecslocenes pastaigu taka,4,50,in_voting,True
2026-06-18T19:04,teL62cUjB5,Piemiņas vieta Kārlim Bardelim,7,75,in_voting,False
2026-06-18T19:04,c29ThVpT8M,Gājēju un velo celiņš Vaivaru stacija - Krastciems,3,46,in_voting,False
2026-06-18T19:04,R59abyepfW,Majoru un Dzintaru bezmaksas padel tenisa korti,3,13,in_voting,False
2026-06-18T19:04,XBU7NpRWV5,Jūrmalnieku tikšanās un piekrastes mantojuma telpa,4,6,in_voting,False
2026-06-18T19:04,a5hDLTe7p4,Informācijas stendi apkaimēs,26,177,in_voting,False
2026-06-18T19:04,Z92tNs82ac,"Jūrmalā, Slokā - Ietve un velostatīvi pie dzelzceļa stacijas - iestaigāto taku vietā 2",5,35,in_voting,False
2026-06-18T19:04,bfhNXUR3VB,Vaivaru mežā,2,7,in_voting,False
2026-06-18T19:04,ZehtNs82ac,Majoru un Dzintaru bezmaksas suņu pastaigu laukums,3,10,in_voting,False
2026-06-18T19:04,ahqDLTe7p4,Mīlestības bāka Jūrmalā,3,69,in_voting,False
2026-06-18T19:04,M2p32qRtb9,"Jūrmalā, Slokā - nomales asfaltēšana krustojumā, pagrieziens uz karjeru no ventspils šosejas",4,12,in_voting,False
2026-06-18T19:04,MGe32qRtb9,"Jūrmalā Kauguros bērnu rotaļu laukuma paplašināšana un pilnveide, apgaismojuma ierīkošana citam rotaļu laukumam Raiņa 81",1,3,in_voting,False
2026-06-18T19:04,KhrpUybRet,Āra trenažieri Buļļuciemā – veseli un aktīvi jūrmalnieki,2,9,in_voting,False
2026-06-18T19:14,T7jGDR8K4B,Vecslocenes pastaigu taka,4,50,in_voting,True
2026-06-18T19:14,teL62cUjB5,Piemiņas vieta Kārlim Bardelim,7,75,in_voting,False
2026-06-18T19:14,c29ThVpT8M,Gājēju un velo celiņš Vaivaru stacija - Krastciems,3,46,in_voting,False
2026-06-18T19:14,R59abyepfW,Majoru un Dzintaru bezmaksas padel tenisa korti,3,13,in_voting,False
2026-06-18T19:14,XBU7NpRWV5,Jūrmalnieku tikšanās un piekrastes mantojuma telpa,4,6,in_voting,False
2026-06-18T19:14,a5hDLTe7p4,Informācijas stendi apkaimēs,26,178,in_voting,False
2026-06-18T19:14,Z92tNs82ac,"Jūrmalā, Slokā - Ietve un velostatīvi pie dzelzceļa stacijas - iestaigāto taku vietā 2",5,35,in_voting,False
2026-06-18T19:14,bfhNXUR3VB,Vaivaru mežā,2,8,in_voting,False
2026-06-18T19:14,ZehtNs82ac,Majoru un Dzintaru bezmaksas suņu pastaigu laukums,3,10,in_voting,False
2026-06-18T19:14,ahqDLTe7p4,Mīlestības bāka Jūrmalā,3,69,in_voting,False
2026-06-18T19:14,M2p32qRtb9,"Jūrmalā, Slokā - nomales asfaltēšana krustojumā, pagrieziens uz karjeru no ventspils šosejas",4,12,in_voting,False
2026-06-18T19:14,MGe32qRtb9,"Jūrmalā Kauguros bērnu rotaļu laukuma paplašināšana un pilnveide, apgaismojuma ierīkošana citam rotaļu laukumam Raiņa 81",1,3,in_voting,False
2026-06-18T19:14,KhrpUybRet,Āra trenažieri Buļļuciemā – veseli un aktīvi jūrmalnieki,2,9,in_voting,False
2026-06-18T19:24,T7jGDR8K4B,Vecslocenes pastaigu taka,4,54,in_voting,True
2026-06-18T19:24,teL62cUjB5,Piemiņas vieta Kārlim Bardelim,7,75,in_voting,False
2026-06-18T19:24,c29ThVpT8M,Gājēju un velo celiņš Vaivaru stacija - Krastciems,3,46,in_voting,False
2026-06-18T19:24,R59abyepfW,Majoru un Dzintaru bezmaksas padel tenisa korti,3,13,in_voting,False
2026-06-18T19:24,XBU7NpRWV5,Jūrmalnieku tikšanās un piekrastes mantojuma telpa,4,6,in_voting,False
2026-06-18T19:24,a5hDLTe7p4,Informācijas stendi apkaimēs,26,178,in_voting,False
2026-06-18T19:24,Z92tNs82ac,"Jūrmalā, Slokā - Ietve un velostatīvi pie dzelzceļa stacijas - iestaigāto taku vietā 2",5,39,in_voting,False
2026-06-18T19:24,bfhNXUR3VB,Vaivaru mežā,2,8,in_voting,False
2026-06-18T19:24,ZehtNs82ac,Majoru un Dzintaru bezmaksas suņu pastaigu laukums,3,11,in_voting,False
2026-06-18T19:24,ahqDLTe7p4,Mīlestības bāka Jūrmalā,3,69,in_voting,False
2026-06-18T19:24,M2p32qRtb9,"Jūrmalā, Slokā - nomales asfaltēšana krustojumā, pagrieziens uz karjeru no ventspils šosejas",4,12,in_voting,False
2026-06-18T19:24,MGe32qRtb9,"Jūrmalā Kauguros bērnu rotaļu laukuma paplašināšana un pilnveide, apgaismojuma ierīkošana citam rotaļu laukumam Raiņa 81",1,4,in_voting,False
2026-06-18T19:24,KhrpUybRet,Āra trenažieri Buļļuciemā – veseli un aktīvi jūrmalnieki,2,9,in_voting,False
2026-06-18T19:34,T7jGDR8K4B,Vecslocenes pastaigu taka,5,54,in_voting,True
2026-06-18T19:34,teL62cUjB5,Piemiņas vieta Kārlim Bardelim,7,75,in_voting,False
2026-06-18T19:34,c29ThVpT8M,Gājēju un velo celiņš Vaivaru stacija - Krastciems,3,46,in_voting,False
2026-06-18T19:34,R59abyepfW,Majoru un Dzintaru bezmaksas padel tenisa korti,3,13,in_voting,False
2026-06-18T19:34,XBU7NpRWV5,Jūrmalnieku tikšanās un piekrastes mantojuma telpa,4,6,in_voting,False
2026-06-18T19:34,a5hDLTe7p4,Informācijas stendi apkaimēs,26,183,in_voting,False
2026-06-18T19:34,Z92tNs82ac,"Jūrmalā, Slokā - Ietve un velostatīvi pie dzelzceļa stacijas - iestaigāto taku vietā 2",5,39,in_voting,False
2026-06-18T19:34,bfhNXUR3VB,Vaivaru mežā,2,8,in_voting,False
2026-06-18T19:34,ZehtNs82ac,Majoru un Dzintaru bezmaksas suņu pastaigu laukums,3,11,in_voting,False
2026-06-18T19:34,ahqDLTe7p4,Mīlestības bāka Jūrmalā,3,69,in_voting,False
2026-06-18T19:34,M2p32qRtb9,"Jūrmalā, Slokā - nomales asfaltēšana krustojumā, pagrieziens uz karjeru no ventspils šosejas",4,12,in_voting,False
2026-06-18T19:34,MGe32qRtb9,"Jūrmalā Kauguros bērnu rotaļu laukuma paplašināšana un pilnveide, apgaismojuma ierīkošana citam rotaļu laukumam Raiņa 81",1,4,in_voting,False
2026-06-18T19:34,KhrpUybRet,Āra trenažieri Buļļuciemā – veseli un aktīvi jūrmalnieki,2,9,in_voting,False
2026-06-18T19:44,T7jGDR8K4B,Vecslocenes pastaigu taka,5,56,in_voting,True
2026-06-18T19:44,teL62cUjB5,Piemiņas vieta Kārlim Bardelim,7,75,in_voting,False
2026-06-18T19:44,c29ThVpT8M,Gājēju un velo celiņš Vaivaru stacija - Krastciems,3,46,in_voting,False
2026-06-18T19:44,R59abyepfW,Majoru un Dzintaru bezmaksas padel tenisa korti,3,13,in_voting,False
2026-06-18T19:44,XBU7NpRWV5,Jūrmalnieku tikšanās un piekrastes mantojuma telpa,4,6,in_voting,False
2026-06-18T19:44,a5hDLTe7p4,Informācijas stendi apkaimēs,26,185,in_voting,False
2026-06-18T19:44,Z92tNs82ac,"Jūrmalā, Slokā - Ietve un velostatīvi pie dzelzceļa stacijas - iestaigāto taku vietā 2",5,39,in_voting,False
2026-06-18T19:44,bfhNXUR3VB,Vaivaru mežā,2,8,in_voting,False
2026-06-18T19:44,ZehtNs82ac,Majoru un Dzintaru bezmaksas suņu pastaigu laukums,3,11,in_voting,False
2026-06-18T19:44,ahqDLTe7p4,Mīlestības bāka Jūrmalā,3,69,in_voting,False
2026-06-18T19:44,M2p32qRtb9,"Jūrmalā, Slokā - nomales asfaltēšana krustojumā, pagrieziens uz karjeru no ventspils šosejas",4,12,in_voting,False
2026-06-18T19:44,MGe32qRtb9,"Jūrmalā Kauguros bērnu rotaļu laukuma paplašināšana un pilnveide, apgaismojuma ierīkošana citam rotaļu laukumam Raiņa 81",1,4,in_voting,False
2026-06-18T19:44,KhrpUybRet,Āra trenažieri Buļļuciemā – veseli un aktīvi jūrmalnieki,2,9,in_voting,False
2026-06-18T19:54,T7jGDR8K4B,Vecslocenes pastaigu taka,5,58,in_voting,True
2026-06-18T19:54,teL62cUjB5,Piemiņas vieta Kārlim Bardelim,7,75,in_voting,False
2026-06-18T19:54,c29ThVpT8M,Gājēju un velo celiņš Vaivaru stacija - Krastciems,3,46,in_voting,False
2026-06-18T19:54,R59abyepfW,Majoru un Dzintaru bezmaksas padel tenisa korti,3,13,in_voting,False
2026-06-18T19:54,XBU7NpRWV5,Jūrmalnieku tikšanās un piekrastes mantojuma telpa,4,6,in_voting,False
2026-06-18T19:54,a5hDLTe7p4,Informācijas stendi apkaimēs,26,186,in_voting,False
2026-06-18T19:54,Z92tNs82ac,"Jūrmalā, Slokā - Ietve un velostatīvi pie dzelzceļa stacijas - iestaigāto taku vietā 2",5,42,in_voting,False
2026-06-18T19:54,bfhNXUR3VB,Vaivaru mežā,2,8,in_voting,False
2026-06-18T19:54,ZehtNs82ac,Majoru un Dzintaru bezmaksas suņu pastaigu laukums,3,11,in_voting,False
2026-06-18T19:54,ahqDLTe7p4,Mīlestības bāka Jūrmalā,3,69,in_voting,False
2026-06-18T19:54,M2p32qRtb9,"Jūrmalā, Slokā - nomales asfaltēšana krustojumā, pagrieziens uz karjeru no ventspils šosejas",4,12,in_voting,False
2026-06-18T19:54,MGe32qRtb9,"Jūrmalā Kauguros bērnu rotaļu laukuma paplašināšana un pilnveide, apgaismojuma ierīkošana citam rotaļu laukumam Raiņa 81",1,4,in_voting,False
2026-06-18T19:54,KhrpUybRet,Āra trenažieri Buļļuciemā – veseli un aktīvi jūrmalnieki,2,9,in_voting,False
2026-06-18T20:04,T7jGDR8K4B,Vecslocenes pastaigu taka,5,62,in_voting,True
2026-06-18T20:04,teL62cUjB5,Piemiņas vieta Kārlim Bardelim,7,76,in_voting,False
2026-06-18T20:04,c29ThVpT8M,Gājēju un velo celiņš Vaivaru stacija - Krastciems,3,47,in_voting,False
2026-06-18T20:04,R59abyepfW,Majoru un Dzintaru bezmaksas padel tenisa korti,3,14,in_voting,False
2026-06-18T20:04,XBU7NpRWV5,Jūrmalnieku tikšanās un piekrastes mantojuma telpa,4,7,in_voting,False
2026-06-18T20:04,a5hDLTe7p4,Informācijas stendi apkaimēs,26,187,in_voting,False
2026-06-18T20:04,Z92tNs82ac,"Jūrmalā, Slokā - Ietve un velostatīvi pie dzelzceļa stacijas - iestaigāto taku vietā 2",5,43,in_voting,False
2026-06-18T20:04,bfhNXUR3VB,Vaivaru mežā,2,9,in_voting,False
2026-06-18T20:04,ZehtNs82ac,Majoru un Dzintaru bezmaksas suņu pastaigu laukums,3,12,in_voting,False
2026-06-18T20:04,ahqDLTe7p4,Mīlestības bāka Jūrmalā,3,70,in_voting,False
2026-06-18T20:04,M2p32qRtb9,"Jūrmalā, Slokā - nomales asfaltēšana krustojumā, pagrieziens uz karjeru no ventspils šosejas",4,13,in_voting,False
2026-06-18T20:04,MGe32qRtb9,"Jūrmalā Kauguros bērnu rotaļu laukuma paplašināšana un pilnveide, apgaismojuma ierīkošana citam rotaļu laukumam Raiņa 81",1,5,in_voting,False
2026-06-18T20:04,KhrpUybRet,Āra trenažieri Buļļuciemā – veseli un aktīvi jūrmalnieki,2,10,in_voting,False
2026-06-18T20:14,T7jGDR8K4B,Vecslocenes pastaigu taka,5,69,in_voting,True
2026-06-18T20:14,teL62cUjB5,Piemiņas vieta Kārlim Bardelim,8,76,in_voting,False
2026-06-18T20:14,c29ThVpT8M,Gājēju un velo celiņš Vaivaru stacija - Krastciems,3,47,in_voting,False
2026-06-18T20:14,R59abyepfW,Majoru un Dzintaru bezmaksas padel tenisa korti,3,14,in_voting,False
2026-06-18T20:14,XBU7NpRWV5,Jūrmalnieku tikšanās un piekrastes mantojuma telpa,5,9,in_voting,False
2026-06-18T20:14,a5hDLTe7p4,Informācijas stendi apkaimēs,26,187,in_voting,False
2026-06-18T20:14,Z92tNs82ac,"Jūrmalā, Slokā - Ietve un velostatīvi pie dzelzceļa stacijas - iestaigāto taku vietā 2",5,43,in_voting,False
2026-06-18T20:14,bfhNXUR3VB,Vaivaru mežā,2,9,in_voting,False
2026-06-18T20:14,ZehtNs82ac,Majoru un Dzintaru bezmaksas suņu pastaigu laukums,3,12,in_voting,False
2026-06-18T20:14,ahqDLTe7p4,Mīlestības bāka Jūrmalā,3,73,in_voting,False
2026-06-18T20:14,M2p32qRtb9,"Jūrmalā, Slokā - nomales asfaltēšana krustojumā, pagrieziens uz karjeru no ventspils šosejas",4,13,in_voting,False
2026-06-18T20:14,MGe32qRtb9,"Jūrmalā Kauguros bērnu rotaļu laukuma paplašināšana un pilnveide, apgaismojuma ierīkošana citam rotaļu laukumam Raiņa 81",1,5,in_voting,False
2026-06-18T20:14,KhrpUybRet,Āra trenažieri Buļļuciemā – veseli un aktīvi jūrmalnieki,2,10,in_voting,False
2026-06-18T20:25,T7jGDR8K4B,Vecslocenes pastaigu taka,5,69,in_voting,True
2026-06-18T20:25,teL62cUjB5,Piemiņas vieta Kārlim Bardelim,8,77,in_voting,False
2026-06-18T20:25,c29ThVpT8M,Gājēju un velo celiņš Vaivaru stacija - Krastciems,3,47,in_voting,False
2026-06-18T20:25,R59abyepfW,Majoru un Dzintaru bezmaksas padel tenisa korti,4,14,in_voting,False
2026-06-18T20:25,XBU7NpRWV5,Jūrmalnieku tikšanās un piekrastes mantojuma telpa,5,9,in_voting,False
2026-06-18T20:25,a5hDLTe7p4,Informācijas stendi apkaimēs,26,187,in_voting,False
2026-06-18T20:25,Z92tNs82ac,"Jūrmalā, Slokā - Ietve un velostatīvi pie dzelzceļa stacijas - iestaigāto taku vietā 2",5,43,in_voting,False
2026-06-18T20:25,bfhNXUR3VB,Vaivaru mežā,2,9,in_voting,False
2026-06-18T20:25,ZehtNs82ac,Majoru un Dzintaru bezmaksas suņu pastaigu laukums,3,12,in_voting,False
2026-06-18T20:25,ahqDLTe7p4,Mīlestības bāka Jūrmalā,3,73,in_voting,False
2026-06-18T20:25,M2p32qRtb9,"Jūrmalā, Slokā - nomales asfaltēšana krustojumā, pagrieziens uz karjeru no ventspils šosejas",4,13,in_voting,False
2026-06-18T20:25,MGe32qRtb9,"Jūrmalā Kauguros bērnu rotaļu laukuma paplašināšana un pilnveide, apgaismojuma ierīkošana citam rotaļu laukumam Raiņa 81",1,5,in_voting,False
2026-06-18T20:25,KhrpUybRet,Āra trenažieri Buļļuciemā – veseli un aktīvi jūrmalnieki,2,10,in_voting,False
